user_id,dwell_mean,dwell_median,dwell_std,dwell_min,dwell_max,DU_mean,DU_median,DU_std,DU_min,DU_max,DD_mean,DD_median,DD_std,DD_min,DD_max,UD_flight_mean,UD_flight_median,UD_flight_std,UD_flight_min,UD_flight_max,UU_mean,UU_median,UU_std,UU_min,UU_max,DU_tri_mean,DU_tri_median,DU_tri_std,DU_tri_min,DU_tri_max,DD_tri_mean,DD_tri_median,DD_tri_std,DD_tri_min,DD_tri_max,text_type,del_freq,backspace_freq,total_time,label,session_id
13,97.875,94.5,24.884006868151424,36.0,175.0,573.8967391304348,292.0,1837.6610297650593,156.0,24319.0,476.07065217391306,204.0,1836.0883612699117,56.0,24200.0,378.19565217391306,110.5,1833.531992649276,-19.0,24069.0,476.0217391304348,196.5,1835.0271508437065,60.0,24188.0,1042.5652173913043,561.0,2576.63071523996,241.0,24659.0,945.1521739130435,447.5,2577.8244626667497,142.0,24540.0,fixed,0.0,0.0,0.0,Neutral,13_N_fixed
19,162.24409448818898,159.0,63.49312130414902,63.0,718.0,634.3888888888889,483.5,582.6669302058899,226.0,5961.0,472.3888888888889,334.0,565.5541561650444,102.0,5749.0,310.0,188.0,561.0811991147093,-228.0,5548.0,472.0,319.5,577.2650413804737,-27.0,5760.0,1109.688,905.0,846.7699769160757,436.0,6526.0,947.584,752.0,827.5810864082415,277.0,6330.0,fixed,5.0,0.0,59665.0,Happy,19_H_fixed
19,-212794612662.77106,143.0,540293277741.93695,-1580000000000.0,415.0,-213513512994.58447,371.5,541065947330.95856,-1580000000000.0,17797.0,403.3614864864865,225.5,1073.6797273955376,7.0,17596.0,213513513775.0473,144.5,541065947021.9311,-229.0,1580000000000.0,387.30743243243245,224.0,225331394368.68445,-1580000000000.0,1580000000000.0,-214237287229.5695,656.0,541841793262.91077,-1580000000000.0,18694.0,808.2542372881356,545.0,1537.2380722991027,74.0,18477.0,fixed,42.0,0.0,119528.0,Neutral,19_N_fixed
25,75.41739130434783,67.0,50.280961938748625,40.0,558.0,545.5877192982456,381.5,499.0522488722868,159.0,3820.0,471.5438596491228,317.0,498.21492217593857,75.0,3741.0,396.2543859649123,230.5,498.56798138291947,-118.0,3654.0,470.29824561403507,299.0,499.06817470736854,-51.0,3733.0,1018.8141592920354,827.0,733.0857671109034,296.0,5567.0,944.7345132743363,758.0,732.2577856204533,230.0,5509.0,fixed,1.0,0.0,53846.0,Happy,25_H_fixed
25,71.77114427860697,67.0,30.531907296860442,24.0,388.0,482.755,368.0,348.31702329715813,159.0,2798.0,411.04,298.0,340.7374922032574,97.0,2730.0,339.22,231.0,338.5604487937674,-109.0,2621.0,410.935,299.0,345.5832601900996,-17.0,2689.0,895.9798994974874,764.0,476.7880430314582,304.0,3593.0,824.1859296482412,706.0,470.8412100204809,226.0,3512.0,fixed,1.0,0.0,82270.0,Neutral,25_N_fixed
29,76.6701030927835,72.0,36.844786232629666,-98.0,371.0,384.2849740932642,274.0,291.6129116513811,169.0,2431.0,308.1243523316062,199.0,290.0851259359773,83.0,2377.0,230.54922279792746,126.0,293.76038795802094,-140.0,2270.0,306.7098445595855,193.0,294.61643276413355,-42.0,2324.0,692.3489583333334,554.0,412.36785044748444,266.0,2687.0,616.4791666666666,470.0,408.3288629238499,207.0,2633.0,fixed,21.0,0.0,59566.0,Angry,29_A_fixed
29,-37089201781.23005,95.0,239781694215.0168,-1580000000000.0,280.0,-37264150524.18396,379.5,240335598834.54596,-1580000000000.0,1622.0,327.7311320754717,276.5,212.26451880997857,1.0,1499.0,37264151171.853775,182.5,240335598733.64856,-109.0,1580000000000.0,322.7641509433962,278.0,153826393189.5504,-1580000000000.0,1580000000000.0,-37440757553.900475,649.0,240893357369.2259,-1580000000000.0,1989.0,654.957345971564,552.0,320.5182605013751,25.0,1895.0,fixed,3.0,0.0,69571.0,Neutral,29_N_fixed
31,88.28455284552845,67.0,78.55117579289285,11.0,791.0,511.62295081967216,369.5,406.83536434752415,159.0,2708.0,423.4590163934426,284.5,373.1360319058755,90.0,2364.0,334.78688524590166,196.5,389.0323921483034,-190.0,2308.0,422.95081967213116,293.0,422.26292879245324,-149.0,2652.0,934.4132231404959,747.0,578.3038369436014,249.0,3697.0,846.5123966942149,673.0,551.4952570920635,202.0,2906.0,fixed,4.0,0.0,51703.0,Happy,31_H_fixed
31,93.08882082695253,76.0,53.06892798206592,10.0,390.0,1192.9153846153847,385.0,5345.386290558852,183.0,81864.0,1099.5723076923077,297.0,5339.512064453365,115.0,81740.0,1006.6630769230769,222.0,5337.0759567073665,-114.0,81620.0,1100.006153846154,306.0,5342.969612816,-56.0,81744.0,2278.808346213292,838.0,8533.820371345686,335.0,113819.0,2185.3477588871715,741.0,8523.632661447677,263.0,113569.0,fixed,4.0,0.0,112016.0,Neutral,31_N_fixed
31,93.08882082695253,76.0,53.06892798206592,10.0,390.0,1192.9153846153847,385.0,5345.386290558852,183.0,81864.0,1099.5723076923077,297.0,5339.512064453365,115.0,81740.0,1006.6630769230769,222.0,5337.0759567073665,-114.0,81620.0,1100.006153846154,306.0,5342.969612816,-56.0,81744.0,2278.808346213292,838.0,8533.820371345686,335.0,113819.0,2185.3477588871715,741.0,8523.632661447677,263.0,113569.0,fixed,2.0,0.0,301551.0,Neutral,31_N_fixed
31,93.08882082695253,76.0,53.06892798206592,10.0,390.0,1192.9153846153847,385.0,5345.386290558852,183.0,81864.0,1099.5723076923077,297.0,5339.512064453365,115.0,81740.0,1006.6630769230769,222.0,5337.0759567073665,-114.0,81620.0,1100.006153846154,306.0,5342.969612816,-56.0,81744.0,2278.808346213292,838.0,8533.820371345686,335.0,113819.0,2185.3477588871715,741.0,8523.632661447677,263.0,113569.0,fixed,0.0,0.0,301551.0,Neutral,31_N_fixed
35,105.00478468899522,96.0,54.45847903251752,32.0,440.0,406.28846153846155,346.0,205.29237654189873,181.0,1426.0,302.8125,242.5,202.70351123299162,68.0,1367.0,197.92307692307693,144.5,211.45558080431147,-156.0,1233.0,301.39903846153845,254.5,212.6371098424797,-47.0,1292.0,707.9082125603865,605.0,300.637488183291,321.0,1994.0,604.6086956521739,501.0,289.73046818700857,256.0,1935.0,fixed,4.0,0.0,63114.0,Neutral,35_N_fixed
35,113.77464788732394,109.0,36.59058406303073,49.0,258.0,499.4822695035461,449.0,236.72614083538082,218.0,1746.0,385.6241134751773,324.0,238.15338811683924,101.0,1592.0,271.8723404255319,210.0,236.8765757901248,-48.0,1458.0,385.7304964539007,342.0,235.27421325012665,90.0,1612.0,878.8857142857142,800.5,345.40700808365057,439.0,2320.0,765.0928571428572,676.5,346.67848178504704,333.0,2213.0,fixed,3.0,0.0,54490.0,Sad,35_S_fixed
40,-40254776993.13376,72.0,249758727291.49347,-1580000000000.0,273.0,-40512820085.4359,308.0,250542108749.25467,-1580000000000.0,2233.0,358.6666666666667,234.0,334.66174224196897,10.0,2143.0,40512820790.34615,160.0,250542108634.53482,-116.0,1580000000000.0,349.70512820512823,230.0,179475939622.07248,-1580000000000.0,1580000000000.0,-40774192772.870964,631.0,251332902670.5096,-1580000000000.0,3986.0,713.9677419354839,590.0,468.17919506629084,50.0,3896.0,fixed,0.0,0.0,55991.0,Calm,40_C_fixed
40,79.65686274509804,71.0,34.95147800508141,20.0,329.0,469.09852216748766,290.0,408.4869450848287,150.0,2495.0,389.7536945812808,212.0,405.6841653350659,60.0,2405.0,309.9950738916256,141.0,411.1315283932621,-79.0,2345.0,389.3399014778325,220.0,414.11646103599924,-19.0,2435.0,855.8267326732673,638.5,526.9466772595151,298.0,2953.0,776.3366336633663,551.5,529.1405267594406,218.0,2864.0,fixed,1.0,0.0,79179.0,Neutral,40_N_fixed
41,101.91612903225807,96.0,40.52399559131035,38.0,321.0,483.84415584415586,433.0,256.53088157357723,202.0,1619.0,383.35064935064935,326.0,250.65095727963313,72.0,1521.0,281.4155844155844,217.5,258.32023246473875,-128.0,1408.0,381.90909090909093,325.5,263.28657722504687,-9.0,1506.0,866.9150326797386,744.0,389.09454519625325,432.0,3074.0,766.6535947712418,653.0,382.3520064620365,286.0,2976.0,fixed,1.0,0.0,59135.0,Calm,41_C_fixed
41,93.1078431372549,82.0,51.81777599073043,25.0,422.0,425.4581280788177,317.0,378.7405940673621,172.0,2976.0,333.679802955665,227.0,368.4609157987427,63.0,2898.0,240.67980295566502,146.0,368.20111397527603,-137.0,2768.0,332.4581280788177,236.0,377.6711754985004,-18.0,2846.0,757.8316831683169,578.5,550.4245953898574,307.0,3434.0,666.1584158415842,511.0,542.2607408783856,222.0,3402.0,fixed,2.0,0.0,67852.0,Neutral,41_N_fixed
41,114.13422818791946,104.0,49.1961954305358,32.0,419.0,461.9662162162162,406.0,230.42647286088763,233.0,1794.0,349.0810810810811,286.5,224.28833827744742,100.0,1659.0,234.88513513513513,183.0,232.26194816768472,-137.0,1526.0,347.77027027027026,294.5,238.30644236082824,-55.0,1661.0,813.0612244897959,735.0,318.38759493650076,410.0,2107.0,700.0272108843537,642.0,312.6317354240007,304.0,1985.0,fixed,3.0,0.0,51769.0,Sad,41_S_fixed
44,92.34905660377359,88.0,43.002489171386,24.0,435.0,392.7251184834123,346.0,185.44461446136424,177.0,1766.0,301.87203791469193,270.0,179.15122030901176,49.0,1637.0,209.50236966824644,181.0,184.64504878814643,-300.0,1521.0,300.3554502369668,265.0,186.94481412886876,-187.0,1650.0,692.0333333333333,634.5,282.3787097599212,319.0,2539.0,602.8190476190476,541.5,278.5564559599784,224.0,2412.0,fixed,5.0,0.0,63783.0,Neutral,44_N_fixed
44,111.05,109.0,34.5845486770356,41.0,266.0,427.978417266187,398.0,166.04078718517025,191.0,1142.0,318.0431654676259,283.0,168.60024199716145,84.0,1056.0,207.1294964028777,179.0,171.93063290017486,-180.0,955.0,317.0647482014389,294.0,168.30817183020983,-60.0,1041.0,745.6739130434783,693.0,245.79349124092187,380.0,1743.0,635.8115942028985,588.0,247.25345460376963,286.0,1657.0,fixed,1.0,0.0,44338.0,Sad,44_S_fixed
47,87.58988764044943,80.0,61.38031216946686,-108.0,750.0,347.49152542372883,288.0,187.52600179235958,51.0,1105.0,260.08474576271186,208.0,179.3845179421841,2.0,1025.0,171.38983050847457,128.0,181.73898149817452,-130.0,945.0,258.79661016949154,208.0,189.4903853096705,-47.0,1025.0,608.5511363636364,546.0,268.36569442005526,238.0,1790.0,521.3011363636364,453.0,255.06269301904945,158.0,1537.0,fixed,13.0,0.0,46143.0,Angry,47_A_fixed
47,82.353711790393,79.0,34.8051184318761,2.0,394.0,364.8157894736842,284.5,244.96253658690767,63.0,1595.0,283.0394736842105,207.0,239.27186392612504,6.0,1506.0,200.609649122807,127.5,241.81578398992173,-152.0,1425.0,282.3859649122807,200.5,246.80454764057578,-41.0,1514.0,648.9295154185022,545.0,347.9716247729248,223.0,2051.0,567.5242290748898,466.0,341.99588969700574,180.0,1971.0,fixed,14.0,0.0,64598.0,Neutral,47_N_fixed
48,81.59281437125749,75.0,35.25315600477012,-109.0,198.0,399.9457831325301,270.5,324.139032197962,143.0,2352.0,316.9457831325301,190.5,324.6370515276014,55.0,2265.0,234.20481927710844,119.0,319.4699685809586,-57.0,2129.0,317.2048192771084,193.0,317.77921663017594,55.0,2216.0,717.5939393939394,534.0,455.47404810771644,249.0,2546.0,634.8,456.0,452.702955428456,190.0,2418.0,fixed,7.0,0.0,52722.0,Angry,48_A_fixed
48,92.8177570093458,83.5,37.45782558148286,28.0,281.0,333.8732394366197,290.0,167.7208425502844,140.0,1238.0,241.8544600938967,187.0,162.6408314015149,26.0,1078.0,149.27699530516432,104.0,166.1072433938699,-77.0,1009.0,241.29577464788733,193.0,170.20623403595908,-9.0,1169.0,573.2783018867924,500.5,231.37604627018771,300.0,1646.0,481.3490566037736,404.0,227.01650533780196,219.0,1575.0,fixed,7.0,0.0,51659.0,Neutral,48_N_fixed
48,112.61971830985915,111.0,32.11321558989266,45.0,254.0,479.4255319148936,408.0,277.01003679708464,189.0,1941.0,366.6595744680851,292.0,277.02967426889825,102.0,1830.0,253.9787234042553,184.0,277.1292495797662,-33.0,1690.0,366.74468085106383,302.0,276.4001086482968,109.0,1801.0,845.9357142857143,733.0,371.9974319303771,411.0,2165.0,733.0285714285715,612.0,374.2499250127448,270.0,2085.0,fixed,2.0,0.0,51803.0,Sad,48_S_fixed
49,106.33333333333333,101.0,47.145165888632384,48.0,459.0,395.5379746835443,308.0,248.7673211605588,168.0,1513.0,291.4367088607595,215.0,251.03367027558144,69.0,1447.0,185.27848101265823,108.0,247.6581749829683,-215.0,1337.0,289.37974683544303,210.5,245.75798793077433,-138.0,1403.0,684.1847133757962,582.0,315.80214963413266,311.0,1734.0,579.9108280254777,468.0,319.44712607309714,223.0,1658.0,fixed,3.0,0.0,46181.0,Calm,49_C_fixed
49,-307222222135.26733,92.0,626408872809.4247,-1580000000000.0,485.0,-308292682612.2474,278.0,627239103733.8204,-1580000000000.0,1619.0,247.31010452961672,179.0,232.9473919472463,1.0,1326.0,308292683073.3693,157.0,627239103506.3829,-280.0,1580000000000.0,226.79094076655053,187.0,295443248842.6725,-1580000000000.0,1580000000000.0,-309370628831.5874,505.0,628072201706.7433,-1580000000000.0,2371.0,493.7832167832168,437.5,341.50139379356756,33.0,2078.0,fixed,12.0,9.0,71064.0,Neutral,49_N_fixed
52,75.64880952380952,71.0,22.617660388478104,34.0,166.0,400.01197604790417,267.0,323.3072690447216,165.0,1955.0,324.377245508982,197.0,323.70426814309053,70.0,1894.0,248.562874251497,126.0,325.4152221487906,-59.0,1851.0,324.1976047904192,194.0,324.9164904669521,51.0,1912.0,723.0843373493976,517.0,442.4566872777843,298.0,2124.0,647.343373493976,460.0,441.6275094892091,228.0,2061.0,fixed,6.0,0.0,54219.0,Calm,52_C_fixed
52,76.75714285714285,74.5,21.908095801646823,25.0,158.0,470.8038277511962,282.0,656.7519543942467,144.0,6887.0,394.11483253588517,201.0,656.621207262616,75.0,6787.0,317.23444976076553,125.0,656.9105046467139,-15.0,6723.0,393.92344497607655,201.0,657.0017810211767,61.0,6823.0,859.6201923076923,550.0,898.7289494694467,273.0,7028.0,782.8894230769231,474.0,898.6757849511895,213.0,6953.0,fixed,2.0,0.0,82421.0,Neutral,52_N_fixed
53,92.88372093023256,90.0,22.903008614973963,47.0,175.0,532.7368421052631,364.0,472.7332736201421,170.0,3210.0,440.30409356725147,280.0,471.99375735611596,64.0,3141.0,347.27485380116957,183.0,469.0010791525985,-26.0,3009.0,439.7076023391813,265.0,469.68870404404066,59.0,3078.0,962.5941176470589,729.5,608.5072480842856,333.0,3458.0,870.1764705882352,639.0,607.820213929121,205.0,3368.0,fixed,8.0,0.0,75360.0,Calm,53_C_fixed
53,92.2132701421801,84.0,40.752294872196885,2.0,574.0,523.9,335.0,444.1029391640667,84.0,2956.0,432.0047619047619,242.0,443.0607602776282,3.0,2829.0,339.9809523809524,148.0,443.6451334345293,-48.0,2712.0,431.87619047619046,240.0,445.06087310626066,3.0,2839.0,958.6267942583733,708.0,614.618381012654,297.0,3093.0,866.7751196172248,602.0,613.2124444842084,194.0,3019.0,fixed,6.0,0.0,90853.0,Neutral,53_N_fixed
55,100.3030303030303,85.0,68.72501091238628,33.0,719.0,667.8475609756098,260.0,2910.370186211981,140.0,30445.0,568.3536585365854,178.0,2872.217182399334,30.0,29726.0,468.4573170731707,89.0,2875.4876723775415,-224.0,29658.0,567.9512195121952,172.0,2913.5150945541404,-57.0,30377.0,1239.282208588957,434.0,4083.350959159544,240.0,30718.0,1139.79754601227,355.0,4054.1681754167334,142.0,30221.0,fixed,3.0,0.0,93377.0,Calm,55_C_fixed
55,90.99532710280374,78.0,46.39820476367122,22.0,495.0,356.3192488262911,252.0,308.2751335686866,120.0,2054.0,266.32394366197184,171.0,298.20151670557647,41.0,1985.0,175.2582159624413,96.0,305.4537824265548,-169.0,1891.0,265.2535211267606,170.0,315.08844453057003,-83.0,1960.0,623.9198113207547,453.0,419.01346355317366,213.0,2238.0,534.1792452830189,374.5,412.7856425267294,139.0,2169.0,fixed,5.0,0.0,56803.0,Neutral,55_N_fixed
56,14.792207792207792,13.0,12.112045171276813,5.0,129.0,568.6666666666666,342.0,748.1644643990209,17.0,6400.0,553.9346405228758,332.0,745.116863610586,11.0,6387.0,539.1111111111111,316.0,745.0942677515761,5.0,6375.0,553.843137254902,329.0,748.1290094000383,11.0,6388.0,1123.7302631578948,827.0,1021.4703593213636,51.0,7316.0,1109.1776315789473,811.0,1019.618965980788,43.0,7306.0,fixed,0.0,0.0,84762.0,Calm,56_C_fixed
56,-23939393888.714287,22.0,193214784469.0503,-1580000000000.0,393.0,-24043477829.47391,329.5,193628798002.96356,-1580000000000.0,9058.0,388.1586956521739,272.0,544.1186942295402,14.0,9039.0,24043478597.16522,224.0,193628797907.42923,-102.0,1580000000000.0,380.7369565217391,272.0,104295541193.54303,-1580000000000.0,1580000000000.0,-24148470806.120087,632.5,194045483636.07706,-1580000000000.0,9241.0,775.2183406113537,583.0,742.8557236662272,38.0,9222.0,fixed,0.0,0.0,104536.0,Neutral,56_N_fixed
56,-23939393888.714287,22.0,193214784469.0503,-1580000000000.0,393.0,-24043477829.47391,329.5,193628798002.96356,-1580000000000.0,9058.0,388.1586956521739,272.0,544.1186942295402,14.0,9039.0,24043478597.16522,224.0,193628797907.42923,-102.0,1580000000000.0,380.7369565217391,272.0,104295541193.54303,-1580000000000.0,1580000000000.0,-24148470806.120087,632.5,194045483636.07706,-1580000000000.0,9241.0,775.2183406113537,583.0,742.8557236662272,38.0,9222.0,fixed,2.0,0.0,74162.0,Neutral,56_N_fixed
56,60.16438356164384,40.0,61.87583480887893,5.0,392.0,525.3482758620689,390.5,499.9392206108413,21.0,3938.0,465.62068965517244,313.5,496.6476554742848,14.0,3924.0,405.5896551724138,251.0,507.4436173666083,-174.0,3914.0,465.31724137931036,321.5,506.0536331580893,-84.0,3928.0,992.8854166666666,805.5,651.3665324893603,41.0,4013.0,933.1388888888889,738.0,653.9085553509225,32.0,3999.0,fixed,0.0,0.0,76885.0,Sad,56_S_fixed
56,60.16438356164384,40.0,61.87583480887893,5.0,392.0,525.3482758620689,390.5,499.9392206108413,21.0,3938.0,465.62068965517244,313.5,496.6476554742848,14.0,3924.0,405.5896551724138,251.0,507.4436173666083,-174.0,3914.0,465.31724137931036,321.5,506.0536331580893,-84.0,3928.0,992.8854166666666,805.5,651.3665324893603,41.0,4013.0,933.1388888888889,738.0,653.9085553509225,32.0,3999.0,fixed,1.0,1.0,58304.0,Sad,56_S_fixed
58,105.78709677419354,102.0,42.073835392479154,-141.0,212.0,486.9415584415584,377.5,320.24841740411915,147.0,1763.0,379.23376623376623,259.0,325.54984743678637,78.0,1698.0,271.84415584415586,157.5,329.60079101272015,-37.0,1574.0,379.55194805194805,263.5,323.47827845184173,42.0,1639.0,868.2222222222222,698.0,431.293147684688,280.0,2309.0,760.8888888888889,582.0,430.9034046651834,211.0,2176.0,fixed,3.0,0.0,58543.0,Angry,58_A_fixed
58,110.23312883435582,109.0,39.81664310994873,37.0,239.0,524.1358024691358,357.5,558.8298722899821,163.0,5571.0,413.6358024691358,236.5,566.7565862228612,2.0,5503.0,303.11728395061726,136.0,570.1207716208653,-54.0,5358.0,413.61728395061726,240.5,561.353235586236,41.0,5426.0,940.4596273291926,752.0,798.448714647572,253.0,6150.0,829.9503105590062,636.0,807.8034321637463,171.0,6082.0,fixed,6.0,0.0,67073.0,Calm,58_C_fixed
58,113.1743119266055,116.0,38.05863994881651,47.0,217.0,452.3240740740741,357.0,288.7811585714408,193.0,1468.0,339.3611111111111,235.0,295.3645761868603,104.0,1409.0,226.30555555555554,123.5,296.9278983040786,-60.0,1348.0,339.26851851851853,245.0,290.10048553894944,49.0,1404.0,785.4299065420561,649.0,376.17875398036193,336.0,2068.0,672.981308411215,508.0,380.8476885993657,235.0,1910.0,fixed,0.0,0.0,36777.0,Happy,58_H_fixed
58,114.78048780487805,116.0,41.689863461603636,42.0,276.0,477.54901960784315,350.0,368.123536970866,145.0,3063.0,362.7598039215686,229.5,372.7549098399826,70.0,2951.0,248.47058823529412,126.5,374.1235723748891,-98.0,2826.0,363.2598039215686,243.0,367.7451143322402,5.0,2938.0,841.3054187192118,677.0,489.3925870683196,307.0,3583.0,726.8226600985222,548.0,493.5655664598869,229.0,3471.0,fixed,3.0,0.0,74218.0,Neutral,58_N_fixed
58,109.70344827586207,100.0,46.11596556176057,40.0,287.0,502.0486111111111,333.0,474.53284101403847,169.0,4280.0,391.8611111111111,206.0,483.05572527590823,72.0,4141.0,281.9791666666667,115.0,490.91321308325,-123.0,4046.0,392.1666666666667,234.5,481.56583179213436,22.0,4185.0,891.3776223776224,726.0,650.4208475535938,314.0,4721.0,781.2727272727273,587.0,659.1137795493321,231.0,4663.0,fixed,2.0,0.0,56512.0,Sad,58_S_fixed
61,109.47395833333333,98.0,66.75523274160379,-104.0,692.0,407.84293193717275,296.0,376.05480625175204,143.0,3203.0,299.0890052356021,192.0,357.113099340509,62.0,3016.0,188.4973821989529,87.0,369.70500152284353,-607.0,2950.0,297.25130890052355,195.0,388.33234502890207,-532.0,3137.0,706.6210526315789,517.5,506.53641138853783,268.0,3442.0,597.9684210526316,422.5,495.4245670563748,177.0,3255.0,fixed,17.0,2.0,57230.0,Angry,61_A_fixed
61,-12440944782.074802,94.0,139924974459.48093,-1580000000000.0,561.0,-12490118095.01581,267.0,140200129468.37335,-1580000000000.0,12039.0,382.9367588932806,177.0,1013.0067710567952,40.0,11881.0,12490118852.454546,82.0,140200129400.62692,-482.0,1580000000000.0,377.55731225296444,176.0,199061289118.19302,-1580000000000.0,1580000000000.0,-12539681688.650793,458.5,140476914048.8563,-1580000000000.0,12228.0,767.468253968254,370.5,1437.7653543355452,209.0,12094.0,fixed,23.0,1.0,97017.0,Neutral,61_N_fixed
63,107.36645962732919,97.0,38.97221597513313,50.0,347.0,420.01875,313.5,273.78825017800636,187.0,1973.0,312.8625,221.0,269.6623672216749,56.0,1849.0,205.375,116.0,277.99329773378645,-126.0,1766.0,312.53125,212.0,282.46471192470113,-38.0,1890.0,734.3459119496855,603.0,372.2842079464917,300.0,2298.0,627.188679245283,495.0,367.03621677974974,198.0,2184.0,fixed,1.0,0.0,50146.0,Calm,63_C_fixed
63,100.68018018018019,93.0,34.192712620490916,64.0,343.0,455.868778280543,289.0,461.9822959740996,122.0,3331.0,355.21719457013575,192.0,460.2145229754799,41.0,3238.0,254.38009049773757,94.0,463.040210665034,-151.0,3105.0,355.0316742081448,192.0,464.6535404239894,-36.0,3198.0,813.0636363636364,554.5,694.5136503653431,257.0,6123.0,712.4363636363636,458.5,693.7989987931968,178.0,6035.0,fixed,7.0,0.0,78569.0,Neutral,63_N_fixed
65,80.21935483870968,75.0,37.92307164797476,-80.0,379.0,361.461038961039,285.5,207.14480215624874,167.0,1104.0,282.14285714285717,203.0,207.22304703665552,96.0,1027.0,200.88311688311688,125.5,211.31718711289565,-119.0,963.0,280.2012987012987,197.0,210.74152864048224,-22.0,1040.0,644.4901960784314,534.0,320.53828323879173,283.0,1820.0,565.2875816993464,449.0,319.5850861335394,228.0,1747.0,fixed,2.0,0.0,43530.0,Angry,65_A_fixed
65,91.65546218487395,84.0,39.387812584164045,18.0,305.0,408.5400843881857,328.0,264.01289507861054,154.0,2513.0,317.7848101265823,233.0,260.57589435218796,88.0,2433.0,226.1054852320675,151.0,267.9798275584551,-99.0,2415.0,316.8607594936709,237.0,270.4265494834456,-9.0,2495.0,725.7457627118644,617.0,360.6764728493881,338.0,2911.0,634.9067796610169,527.0,360.98680325470804,215.0,2831.0,fixed,20.0,0.0,75401.0,Neutral,65_N_fixed
65,107.51470588235294,105.5,31.181900090375947,46.0,221.0,452.22962962962964,390.0,232.27987302829513,176.0,1755.0,344.51851851851853,272.0,231.81155019489216,70.0,1643.0,237.11851851851853,168.0,231.96197745075258,-61.0,1510.0,344.8296296296296,287.0,231.46011360526094,76.0,1622.0,795.2388059701492,706.0,327.68587514338856,420.0,2021.0,687.3358208955224,586.5,328.3039107366224,255.0,1909.0,fixed,4.0,0.0,46633.0,Sad,65_S_fixed
67,74.98360655737704,65.0,33.07766558327484,31.0,310.0,297.8512396694215,251.0,146.9322214014013,155.0,949.0,224.8099173553719,180.0,147.27583610635676,49.0,918.0,149.88429752066116,110.0,154.9810843341129,-125.0,847.0,222.92561983471074,177.0,153.40231230815135,-24.0,878.0,518.8333333333334,460.5,200.42326360439677,281.0,1307.0,446.025,376.5,198.52470423923893,216.0,1240.0,fixed,5.0,0.0,27284.0,Happy,67_H_fixed
67,89.19672131147541,82.0,40.29263482511225,23.0,480.0,371.1482352941176,264.0,474.87209216574183,132.0,6128.0,283.57176470588234,179.0,475.9222131551254,36.0,6065.0,194.56470588235294,93.0,480.2228955513935,-202.0,5991.0,282.1411764705882,176.0,478.3236389800353,-55.0,6054.0,655.4728132387706,488.0,685.880227058998,240.0,7012.0,568.1016548463357,399.0,685.6601735029243,155.0,6949.0,fixed,2.0,0.0,59250.0,Neutral,67_N_fixed
67,89.19672131147541,82.0,40.29263482511225,23.0,480.0,371.1482352941176,264.0,474.87209216574183,132.0,6128.0,283.57176470588234,179.0,475.9222131551254,36.0,6065.0,194.56470588235294,93.0,480.2228955513935,-202.0,5991.0,282.1411764705882,176.0,478.3236389800353,-55.0,6054.0,655.4728132387706,488.0,685.880227058998,240.0,7012.0,568.1016548463357,399.0,685.6601735029243,155.0,6949.0,fixed,11.0,4.0,61527.0,Neutral,67_N_fixed
67,114.625,108.5,34.8656480019521,35.0,237.0,516.7682119205298,431.0,304.0855020923909,238.0,2920.0,402.0066225165563,317.0,304.4815155131477,98.0,2793.0,287.29801324503313,203.0,303.7361090311125,-45.0,2643.0,402.05960264900665,323.0,303.0848337080579,93.0,2770.0,918.8733333333333,812.0,416.3363911061392,420.0,3200.0,804.22,695.0,419.3213255892905,280.0,3073.0,fixed,7.0,0.0,60805.0,Sad,67_S_fixed
70,90.63306451612904,85.0,48.38867639775017,11.0,555.0,513.9186991869918,316.0,658.2583897292255,60.0,7756.0,424.4512195121951,231.5,653.2161779700284,19.0,7645.0,333.9268292682927,151.5,650.5786268593766,-156.0,7502.0,423.3943089430894,227.5,654.7560653482615,-66.0,7613.0,938.7622950819672,622.5,917.3390983999032,274.0,7904.0,849.483606557377,543.0,907.6118959332856,228.0,7793.0,fixed,7.0,0.0,64216.0,Happy,70_H_fixed
70,90.63306451612904,85.0,48.38867639775017,11.0,555.0,513.9186991869918,316.0,658.2583897292255,60.0,7756.0,424.4512195121951,231.5,653.2161779700284,19.0,7645.0,333.9268292682927,151.5,650.5786268593766,-156.0,7502.0,423.3943089430894,227.5,654.7560653482615,-66.0,7613.0,938.7622950819672,622.5,917.3390983999032,274.0,7904.0,849.483606557377,543.0,907.6118959332856,228.0,7793.0,fixed,3.0,0.0,40407.0,Happy,70_H_fixed
70,95.55849889624724,88.0,51.302497389987444,14.0,610.0,700.1751662971175,346.0,1857.2048945551742,57.0,26019.0,605.1840354767183,249.0,1858.4996790870823,6.0,25948.0,509.54323725055434,149.0,1861.8953186392703,-140.0,25882.0,604.5343680709534,244.0,1860.3955745529527,-62.0,25953.0,1307.6703786191538,655.0,3220.1686246941113,249.0,39809.0,1212.4721603563473,572.0,3222.356570253001,90.0,39754.0,fixed,9.0,0.0,102706.0,Neutral,70_N_fixed
70,95.55849889624724,88.0,51.302497389987444,14.0,610.0,700.1751662971175,346.0,1857.2048945551742,57.0,26019.0,605.1840354767183,249.0,1858.4996790870823,6.0,25948.0,509.54323725055434,149.0,1861.8953186392703,-140.0,25882.0,604.5343680709534,244.0,1860.3955745529527,-62.0,25953.0,1307.6703786191538,655.0,3220.1686246941113,249.0,39809.0,1212.4721603563473,572.0,3222.356570253001,90.0,39754.0,fixed,13.0,1.0,170386.0,Neutral,70_N_fixed
72,-18501170857.955505,94.0,170168659438.21582,-1580000000000.0,571.0,-14870587680.781176,312.0,152739279410.73422,-1580000000000.0,60609.0,453.31529411764706,211.0,2943.9118996662733,16.0,60509.0,18588235643.962353,122.0,170564773119.65866,-222.0,1580000000000.0,3717647510.7058825,217.0,76641257489.51007,-129.0,1580000000000.0,-11205672748.827423,579.0,132744321073.07646,-1580000000000.0,61864.0,908.756501182033,481.0,4210.732740637866,42.0,61764.0,fixed,6.0,0.0,125088.0,Neutral,72_N_fixed
72,-18501170857.955505,94.0,170168659438.21582,-1580000000000.0,571.0,-14870587680.781176,312.0,152739279410.73422,-1580000000000.0,60609.0,453.31529411764706,211.0,2943.9118996662733,16.0,60509.0,18588235643.962353,122.0,170564773119.65866,-222.0,1580000000000.0,3717647510.7058825,217.0,76641257489.51007,-129.0,1580000000000.0,-11205672748.827423,579.0,132744321073.07646,-1580000000000.0,61864.0,908.756501182033,481.0,4210.732740637866,42.0,61764.0,fixed,6.0,0.0,67789.0,Neutral,72_N_fixed
72,98.6875,95.0,29.736245865640438,31.0,199.0,403.5104895104895,270.0,574.7626683155363,101.0,6710.0,304.61538461538464,164.0,576.4408270460988,43.0,6637.0,206.43356643356643,77.0,579.9368051954366,-66.0,6578.0,305.3286713286713,172.0,577.8202700268104,39.0,6651.0,707.8521126760563,533.0,815.4628842337834,248.0,7056.0,608.8028169014085,425.0,816.8211366962239,133.0,6983.0,fixed,3.0,0.0,43731.0,Sad,72_S_fixed
73,115.88888888888889,107.0,40.874867452653966,54.0,254.0,1324.6379310344828,455.0,4398.5393630881235,181.0,39529.0,1208.9913793103449,354.5,4391.956130484337,90.0,39409.0,1093.2758620689656,234.0,4393.838392441234,-48.0,39298.0,1208.9224137931035,335.5,4400.407773892861,50.0,39418.0,2518.1391304347826,1121.0,6163.608903663098,401.0,39973.0,2402.6782608695653,993.0,6160.257280665877,304.0,39867.0,fixed,3.0,0.0,140379.0,Happy,73_H_fixed
73,118.12732919254658,104.0,153.17173175058988,14.0,3828.0,710.0936037441497,348.0,1510.9239755774108,140.0,24989.0,592.588143525741,237.0,1486.1496177569759,47.0,24837.0,474.4664586583463,128.0,1493.435143348665,-3394.0,24693.0,591.9719188767551,242.0,1517.8157422214392,-3230.0,24845.0,1284.6645768025078,708.0,2282.545487610979,257.0,34856.0,1166.9639498432603,604.5,2254.0063122199167,143.0,34754.0,fixed,5.0,0.0,93020.0,Neutral,73_N_fixed
73,118.12732919254658,104.0,153.17173175058988,14.0,3828.0,710.0936037441497,348.0,1510.9239755774108,140.0,24989.0,592.588143525741,237.0,1486.1496177569759,47.0,24837.0,474.4664586583463,128.0,1493.435143348665,-3394.0,24693.0,591.9719188767551,242.0,1517.8157422214392,-3230.0,24845.0,1284.6645768025078,708.0,2282.545487610979,257.0,34856.0,1166.9639498432603,604.5,2254.0063122199167,143.0,34754.0,fixed,4.0,0.0,108733.0,Neutral,73_N_fixed
73,118.12732919254658,104.0,153.17173175058988,14.0,3828.0,710.0936037441497,348.0,1510.9239755774108,140.0,24989.0,592.588143525741,237.0,1486.1496177569759,47.0,24837.0,474.4664586583463,128.0,1493.435143348665,-3394.0,24693.0,591.9719188767551,242.0,1517.8157422214392,-3230.0,24845.0,1284.6645768025078,708.0,2282.545487610979,257.0,34856.0,1166.9639498432603,604.5,2254.0063122199167,143.0,34754.0,fixed,7.0,0.0,178454.0,Neutral,73_N_fixed
76,99.0,92.0,38.218408734131685,25.0,275.0,411.1442786069652,351.0,219.40791708505415,156.0,1580.0,313.0199004975124,247.0,214.2681721628064,48.0,1372.0,213.99502487562188,159.0,221.98154196942684,-112.0,1293.0,312.1194029850746,249.0,226.4684871491877,-21.0,1469.0,723.755,634.5,307.97843847879875,338.0,1942.0,625.595,534.0,305.4898216482069,216.0,1684.0,fixed,0.0,0.0,63011.0,Neutral,76_N_fixed
76,116.92,110.5,40.322611772233046,41.0,432.0,472.03355704697987,419.0,231.83479136647634,125.0,1688.0,354.8993288590604,304.0,225.33679732630497,57.0,1578.0,238.13422818791946,188.0,229.55208022741022,-126.0,1469.0,355.2684563758389,301.0,235.06099354734718,-9.0,1579.0,822.1351351351351,744.5,324.3655166891024,343.0,1865.0,704.8716216216217,628.5,319.4902462055481,242.0,1784.0,fixed,6.0,0.0,53020.0,Sad,76_S_fixed
77,123.23809523809524,121.5,33.48808673597799,39.0,249.0,546.5089820359282,458.0,318.1809530671826,207.0,2314.0,423.1377245508982,318.0,320.6480432883861,80.0,2231.0,299.5568862275449,201.0,320.0469017735125,-80.0,2076.0,422.92814371257487,346.0,316.8003546164171,71.0,2159.0,968.9879518072289,830.5,440.3778816446622,412.0,2802.0,845.9096385542168,713.5,437.94648659243336,330.0,2719.0,fixed,5.0,3.0,70730.0,Calm,77_C_fixed
77,104.57990867579909,100.0,39.031001063620174,42.0,379.0,399.39908256880733,321.0,321.4801903853709,165.0,4049.0,296.07798165137615,219.0,320.7793194253998,80.0,3953.0,191.4678899082569,123.0,325.7775263274666,-134.0,3892.0,294.7889908256881,221.5,325.64497004281253,-23.0,3988.0,693.6728110599079,575.0,454.88079314288717,307.0,4360.0,590.3917050691244,483.0,450.9413698087032,232.0,4255.0,fixed,9.0,0.0,64643.0,Neutral,77_N_fixed
79,86.62720403022671,80.0,43.20466989222513,19.0,459.0,1478.6666666666667,269.0,18180.23505202381,90.0,360337.0,1392.1161616161617,183.0,18182.257277994424,32.0,360289.0,1305.4065656565656,101.0,18184.32731704767,-84.0,360239.0,1391.9570707070707,192.0,18182.30736484082,-30.0,360287.0,2876.964556962025,510.0,26946.869410172538,215.0,393892.0,2790.4,427.0,26947.960997463448,141.0,393844.0,fixed,8.0,0.0,551332.0,Neutral,79_N_fixed
82,-56630824280.30466,70.0,294244753122.9789,-1580000000000.0,1883.0,-56834531350.273384,527.0,294755692882.75806,-1580000000000.0,16476.0,943.0791366906475,436.0,1820.2885896668843,29.0,15335.0,56834533220.31295,395.0,294755692520.8769,-1442.0,1580000000000.0,931.6115107913669,444.0,189865998727.85068,-1580000000000.0,1580000000000.0,-57039709237.07581,1158.0,295269298752.8228,-1580000000000.0,16697.0,1885.985559566787,1089.0,2542.8115187879293,60.0,15766.0,fixed,17.0,2.0,262286.0,Neutral,82_N_fixed
83,-242642857027.40714,115.5,570669117110.4862,-1580000000000.0,1504.0,-243512544361.1183,362.0,571508661559.7656,-1580000000000.0,5201.0,382.22222222222223,256.0,733.2762938357672,1.0,10354.0,243512545059.5627,206.0,571508661261.0968,-1300.0,1580000000000.0,326.77777777777777,256.0,299664080515.2982,-1580000000000.0,1580000000000.0,-244388488458.34534,663.5,572351682252.5369,-1580000000000.0,6910.0,760.0863309352518,558.0,1145.093327629743,5.0,12956.0,fixed,12.0,1.0,106787.0,Neutral,83_N_fixed
84,66.56140350877193,61.0,18.230595254200157,38.0,181.0,940.0619469026549,571.0,1065.2937328266544,204.0,6242.0,873.2477876106195,517.0,1055.1108737522518,140.0,6061.0,806.6194690265487,446.0,1052.906134048792,81.0,6012.0,873.433628318584,506.0,1063.1019712892264,145.0,6193.0,1819.2589285714287,1170.5,1574.2167321367738,459.0,9671.0,1752.375,1105.0,1567.2729292260121,407.0,9591.0,fixed,2.0,0.0,98736.0,Happy,84_H_fixed
84,63.276315789473685,60.0,18.871183087567854,23.0,146.0,982.7180616740088,580.0,1080.4356708028151,201.0,6593.0,919.5154185022027,513.0,1078.0348778077946,132.0,6534.0,856.1762114537445,468.0,1077.0397338451157,92.0,6470.0,919.3788546255506,529.0,1079.3708988341355,161.0,6529.0,1895.774336283186,1266.0,1633.0095971564624,469.0,11307.0,1832.5619469026549,1198.0,1631.8456784781308,408.0,11248.0,fixed,10.0,1.0,208779.0,Neutral,84_N_fixed
86,-180393700694.59842,93.5,503466091499.93427,-1580000000000.0,478.0,-181106718622.96838,433.0,504335529323.6351,-1580000000000.0,9013.0,682.6363636363636,360.0,992.6869432222162,12.0,8879.0,181106719946.46246,416.0,504335528846.4828,-212.0,1580000000000.0,652.2490118577075,338.0,281515174814.42035,-1580000000000.0,1580000000000.0,-181825395435.34128,969.5,505209358381.44885,-1580000000000.0,9689.0,1364.5674603174602,926.5,1414.8337053370149,43.0,9607.0,fixed,8.0,16.0,172796.0,Neutral,86_N_fixed
87,72.6832298136646,71.0,27.759778088145904,-128.0,177.0,361.85625,261.0,256.11666580207606,125.0,2081.0,287.65625,189.0,256.4315360190597,16.0,2008.0,213.71875,115.0,255.65324323837925,-99.0,1908.0,287.91875,191.0,254.90819587740145,54.0,1981.0,646.8364779874214,575.0,339.33852024072127,263.0,2322.0,573.0880503144654,493.0,336.74471763681936,149.0,2249.0,fixed,6.0,0.0,46153.0,Angry,87_A_fixed
87,-19112903146.41734,85.0,172896942965.2136,-1580000000000.0,513.0,-16024340304.192698,372.0,158469610043.96335,-1580000000000.0,6615.0,393.1501014198783,283.0,486.1438545764713,7.0,6606.0,19229209235.41582,210.0,173416805418.13998,-249.0,1580000000000.0,3204868539.259635,280.0,159247061638.3427,-1580000000000.0,1580000000000.0,-16122448125.344898,712.5,158949984201.39713,-1580000000000.0,6723.0,787.0775510204081,630.5,659.5780659310803,23.0,6714.0,fixed,8.0,0.0,87058.0,Calm,87_C_fixed
87,-19112903146.41734,85.0,172896942965.2136,-1580000000000.0,513.0,-16024340304.192698,372.0,158469610043.96335,-1580000000000.0,6615.0,393.1501014198783,283.0,486.1438545764713,7.0,6606.0,19229209235.41582,210.0,173416805418.13998,-249.0,1580000000000.0,3204868539.259635,280.0,159247061638.3427,-1580000000000.0,1580000000000.0,-16122448125.344898,712.5,158949984201.39713,-1580000000000.0,6723.0,787.0775510204081,630.5,659.5780659310803,23.0,6714.0,fixed,8.0,0.0,53227.0,Calm,87_C_fixed
87,-19112903146.41734,85.0,172896942965.2136,-1580000000000.0,513.0,-16024340304.192698,372.0,158469610043.96335,-1580000000000.0,6615.0,393.1501014198783,283.0,486.1438545764713,7.0,6606.0,19229209235.41582,210.0,173416805418.13998,-249.0,1580000000000.0,3204868539.259635,280.0,159247061638.3427,-1580000000000.0,1580000000000.0,-16122448125.344898,712.5,158949984201.39713,-1580000000000.0,6723.0,787.0775510204081,630.5,659.5780659310803,23.0,6714.0,fixed,0.0,0.0,53780.0,Calm,87_C_fixed
87,86.16260162601625,80.0,31.138341234166717,18.0,243.0,339.1803278688525,288.5,155.80900664582174,146.0,975.0,253.44262295081967,200.5,152.76374289561153,70.0,912.0,167.48360655737704,117.0,153.78708226370242,-61.0,802.0,253.22131147540983,198.5,156.02926787827164,47.0,865.0,592.2644628099174,537.0,220.63815658958606,281.0,1401.0,507.09090909090907,463.0,216.84402996931533,196.0,1353.0,fixed,4.0,0.0,31031.0,Happy,87_H_fixed
87,65.20333839150227,65.0,61.60962444865626,4.0,560.0,444.3490853658537,318.5,535.6763792597842,13.0,6826.0,380.407012195122,246.5,525.5629048102481,8.0,6817.0,315.3018292682927,185.0,527.2370329488239,-145.0,6810.0,379.2439024390244,243.0,533.7031295552933,-26.0,6819.0,824.3369065849923,633.0,734.1029435430951,28.0,7067.0,760.4808575803982,564.0,723.5120790588427,21.0,6975.0,fixed,7.0,3.0,112325.0,Neutral,87_N_fixed
87,65.20333839150227,65.0,61.60962444865626,4.0,560.0,444.3490853658537,318.5,535.6763792597842,13.0,6826.0,380.407012195122,246.5,525.5629048102481,8.0,6817.0,315.3018292682927,185.0,527.2370329488239,-145.0,6810.0,379.2439024390244,243.0,533.7031295552933,-26.0,6819.0,824.3369065849923,633.0,734.1029435430951,28.0,7067.0,760.4808575803982,564.0,723.5120790588427,21.0,6975.0,fixed,9.0,0.0,61559.0,Neutral,87_N_fixed
87,65.20333839150227,65.0,61.60962444865626,4.0,560.0,444.3490853658537,318.5,535.6763792597842,13.0,6826.0,380.407012195122,246.5,525.5629048102481,8.0,6817.0,315.3018292682927,185.0,527.2370329488239,-145.0,6810.0,379.2439024390244,243.0,533.7031295552933,-26.0,6819.0,824.3369065849923,633.0,734.1029435430951,28.0,7067.0,760.4808575803982,564.0,723.5120790588427,21.0,6975.0,fixed,0.0,0.0,75923.0,Neutral,87_N_fixed
87,-21496598518.394558,117.0,183662711054.66156,-1580000000000.0,273.0,-10821917327.363014,460.0,130761730439.24454,-1580000000000.0,1186.0,361.9246575342466,336.0,188.2662123116035,2.0,1031.0,21643835854.047947,204.0,184286236841.80234,-176.0,1580000000000.0,10821918166.5,339.0,130761730369.31808,-52.0,1580000000000.0,845.5241379310345,818.0,269.1055679561105,149.0,1756.0,722.7931034482758,701.0,266.63929277604086,25.0,1649.0,fixed,3.0,0.0,52942.0,Sad,87_S_fixed
89,-78606965052.04477,122.0,344398097803.3026,-1580000000000.0,400.0,-78999999432.295,305.0,345217141031.56494,-1580000000000.0,14013.0,452.58,180.0,1456.7721369158846,11.0,13878.0,79000000326.085,70.5,345217140826.0009,-187.0,1580000000000.0,445.45,184.0,158396487448.99905,-1580000000000.0,1580000000000.0,-79396983914.3417,510.0,346042033925.08453,-1580000000000.0,20883.0,903.7688442211055,395.0,2441.756119332384,45.0,20804.0,fixed,18.0,12.0,90612.0,Calm,89_C_fixed
89,129.26359832635984,127.0,35.76125275717211,42.0,348.0,369.0504201680672,314.0,194.90752318666264,144.0,1301.0,240.49159663865547,188.5,192.42074902365377,22.0,1215.0,111.26050420168067,56.5,196.1027226806979,-138.0,1109.0,239.81932773109244,180.5,198.0483173272892,-16.0,1221.0,610.4472573839662,514.0,297.45482914956233,245.0,2516.0,481.9282700421941,389.0,297.2729426976665,144.0,2404.0,fixed,18.0,0.0,57374.0,Neutral,89_N_fixed
89,128.61780104712042,127.0,35.41625403506134,57.0,347.0,472.9684210526316,303.0,603.2539446608008,101.0,5943.0,344.2473684210526,174.0,600.839506930325,5.0,5805.0,215.42105263157896,52.0,602.4602044675981,-136.0,5710.0,344.1421052631579,175.0,604.6800332921628,-16.0,5848.0,817.7830687830688,543.0,949.8064755456264,223.0,7242.0,689.0793650793651,403.0,947.8523759776115,149.0,7071.0,fixed,13.0,0.0,65496.0,Sad,89_S_fixed
93,70.37368421052632,66.0,29.19180036546218,-84.0,284.0,374.2804232804233,263.0,448.5770773777412,135.0,5663.0,304.14814814814815,198.0,447.4211915144757,38.0,5604.0,232.95767195767195,126.0,449.74578907928804,-100.0,5551.0,303.0899470899471,195.0,450.84467693159064,-11.0,5610.0,679.718085106383,539.0,649.1481627573836,281.0,6324.0,609.686170212766,466.5,647.6406480491902,188.0,6265.0,fixed,20.0,0.0,57568.0,Angry,93_A_fixed
93,122.72784810126582,117.5,47.321614744441014,54.0,596.0,497.6019108280255,435.0,230.77352381385006,208.0,1717.0,377.2643312101911,305.5,227.21706459357873,105.0,1576.0,254.48407643312103,195.5,232.70513929489425,-197.0,1471.0,374.8216560509554,319.5,235.6713069020691,-90.0,1612.0,873.4166666666666,796.0,317.27880277823493,423.0,2128.0,752.9935897435897,676.0,313.7714468512042,308.0,2063.0,fixed,1.0,0.0,56728.0,Calm,93_C_fixed
93,122.72784810126582,117.5,47.321614744441014,54.0,596.0,497.6019108280255,435.0,230.77352381385006,208.0,1717.0,377.2643312101911,305.5,227.21706459357873,105.0,1576.0,254.48407643312103,195.5,232.70513929489425,-197.0,1471.0,374.8216560509554,319.5,235.6713069020691,-90.0,1612.0,873.4166666666666,796.0,317.27880277823493,423.0,2128.0,752.9935897435897,676.0,313.7714468512042,308.0,2063.0,fixed,6.0,0.0,61962.0,Calm,93_C_fixed
93,-4597478076.510184,96.0,85146407060.61226,-1580000000000.0,467.0,-3079921611.9785576,327.0,69724667217.23874,-1580000000000.0,2930.0,316.55165692007796,228.0,270.87824240239013,23.0,2846.0,4619883257.078947,132.0,85353221622.29327,-132.0,1580000000000.0,1539961328.8927875,228.0,49326852733.451,-44.0,1580000000000.0,-1547501718.374143,613.0,49447485992.90289,-1580000000000.0,3138.0,631.5572967678746,511.0,386.8539394763504,47.0,3065.0,fixed,3.0,0.0,85019.0,Neutral,93_N_fixed
93,-4597478076.510184,96.0,85146407060.61226,-1580000000000.0,467.0,-3079921611.9785576,327.0,69724667217.23874,-1580000000000.0,2930.0,316.55165692007796,228.0,270.87824240239013,23.0,2846.0,4619883257.078947,132.0,85353221622.29327,-132.0,1580000000000.0,1539961328.8927875,228.0,49326852733.451,-44.0,1580000000000.0,-1547501718.374143,613.0,49447485992.90289,-1580000000000.0,3138.0,631.5572967678746,511.0,386.8539394763504,47.0,3065.0,fixed,3.0,0.0,53683.0,Neutral,93_N_fixed
93,-4597478076.510184,96.0,85146407060.61226,-1580000000000.0,467.0,-3079921611.9785576,327.0,69724667217.23874,-1580000000000.0,2930.0,316.55165692007796,228.0,270.87824240239013,23.0,2846.0,4619883257.078947,132.0,85353221622.29327,-132.0,1580000000000.0,1539961328.8927875,228.0,49326852733.451,-44.0,1580000000000.0,-1547501718.374143,613.0,49447485992.90289,-1580000000000.0,3138.0,631.5572967678746,511.0,386.8539394763504,47.0,3065.0,fixed,0.0,0.0,53683.0,Neutral,93_N_fixed
93,-4597478076.510184,96.0,85146407060.61226,-1580000000000.0,467.0,-3079921611.9785576,327.0,69724667217.23874,-1580000000000.0,2930.0,316.55165692007796,228.0,270.87824240239013,23.0,2846.0,4619883257.078947,132.0,85353221622.29327,-132.0,1580000000000.0,1539961328.8927875,228.0,49326852733.451,-44.0,1580000000000.0,-1547501718.374143,613.0,49447485992.90289,-1580000000000.0,3138.0,631.5572967678746,511.0,386.8539394763504,47.0,3065.0,fixed,4.0,0.0,71435.0,Neutral,93_N_fixed
93,-4597478076.510184,96.0,85146407060.61226,-1580000000000.0,467.0,-3079921611.9785576,327.0,69724667217.23874,-1580000000000.0,2930.0,316.55165692007796,228.0,270.87824240239013,23.0,2846.0,4619883257.078947,132.0,85353221622.29327,-132.0,1580000000000.0,1539961328.8927875,228.0,49326852733.451,-44.0,1580000000000.0,-1547501718.374143,613.0,49447485992.90289,-1580000000000.0,3138.0,631.5572967678746,511.0,386.8539394763504,47.0,3065.0,fixed,4.0,0.0,61551.0,Neutral,93_N_fixed
93,103.87333333333333,94.0,47.434206877557344,35.0,358.0,416.2147651006711,371.0,169.89681143940146,217.0,1182.0,314.0469798657718,264.0,163.46734261712228,109.0,1107.0,210.13422818791946,174.0,172.98506644334083,-111.0,1001.0,312.3020134228188,278.0,177.9195348304877,-26.0,1076.0,729.6081081081081,682.0,235.40081999912476,394.0,1789.0,627.3513513513514,577.5,229.68804235502236,292.0,1714.0,fixed,4.0,0.0,46891.0,Sad,93_S_fixed
94,-9461077735.131737,104.0,122264070748.89307,-1580000000000.0,911.0,-9518071925.246988,294.5,122631783090.01659,-1580000000000.0,1395.0,262.87951807228916,196.0,204.0521559940667,68.0,1317.0,9518072441.60241,108.0,122631783049.69681,-784.0,1580000000000.0,253.8012048192771,204.5,173952274889.96497,-1580000000000.0,1580000000000.0,-9575756948.70303,534.0,123002833226.63443,-1580000000000.0,1751.0,526.8727272727273,430.0,292.1655512079386,146.0,1673.0,fixed,6.0,0.0,43685.0,Calm,94_C_fixed
94,-93629629498.0963,101.0,374442087314.29803,-1580000000000.0,3574.0,-94328357794.82089,315.0,375758776831.92786,-1580000000000.0,3690.0,290.35074626865674,213.0,316.33508115741364,18.0,2913.0,94328358363.28358,123.5,375758776688.15106,-3439.0,1580000000000.0,281.8880597014925,212.0,193752031277.2492,-1580000000000.0,1580000000000.0,-95037593291.21053,559.0,377089379622.39264,-1580000000000.0,3917.0,581.7142857142857,466.0,444.9491045363567,42.0,3140.0,fixed,4.0,0.0,39048.0,Happy,94_H_fixed
94,-158916827749.33463,98.0,475680242089.5812,-1580000000000.0,1496.0,-156466019044.55728,293.0,472406637916.47504,-1580000000000.0,3558.0,277.0194174757282,191.0,316.188966691198,14.0,2959.0,159533980750.0097,116.0,476501289450.4022,-1131.0,1580000000000.0,3067961433.662136,189.0,155803132167.52386,-1580000000000.0,1580000000000.0,-150916178693.63547,536.0,464858155229.24475,-1580000000000.0,5960.0,554.2085769980507,435.0,490.872661779551,38.0,5361.0,fixed,32.0,0.0,74191.0,Neutral,94_N_fixed
94,-158916827749.33463,98.0,475680242089.5812,-1580000000000.0,1496.0,-156466019044.55728,293.0,472406637916.47504,-1580000000000.0,3558.0,277.0194174757282,191.0,316.188966691198,14.0,2959.0,159533980750.0097,116.0,476501289450.4022,-1131.0,1580000000000.0,3067961433.662136,189.0,155803132167.52386,-1580000000000.0,1580000000000.0,-150916178693.63547,536.0,464858155229.24475,-1580000000000.0,5960.0,554.2085769980507,435.0,490.872661779551,38.0,5361.0,fixed,4.0,0.0,68602.0,Neutral,94_N_fixed
95,-71229508082.34427,112.0,328498461650.3602,-1580000000000.0,352.0,-71522633370.96707,312.0,329144499896.3646,-1580000000000.0,2672.0,266.0617283950617,200.0,235.5691900085786,15.0,2561.0,71522633892.81892,100.0,329144499782.4983,-229.0,1580000000000.0,258.75720164609055,193.0,143636363636.36362,-1580000000000.0,1580000000000.0,-71818181194.14462,560.0,329794353260.7911,-1580000000000.0,2752.0,523.3636363636364,448.0,285.0669863768719,52.0,2641.0,fixed,14.0,0.0,64764.0,Neutral,95_N_fixed
95,123.11299435028249,112.0,54.139851527034004,48.0,390.0,377.47727272727275,314.5,239.33042203006897,154.0,2785.0,255.07954545454547,190.5,229.6970039777699,42.0,2668.0,131.89772727272728,91.5,239.7303504128981,-224.0,2585.0,254.29545454545453,200.5,249.09372460253516,-102.0,2702.0,631.28,558.0,322.4672778552211,245.0,2979.0,508.76,425.0,314.4806695080842,134.0,2858.0,fixed,14.0,0.0,45005.0,Sad,95_S_fixed
97,-104513618589.53697,78.0,393460033146.611,-1580000000000.0,579.0,-104921874438.9961,300.0,394176224487.8783,-1580000000000.0,8810.0,479.23828125,220.0,984.6994175886302,3.0,8752.0,104921875387.60156,151.5,394176224234.38794,-339.0,1580000000000.0,472.30859375,201.0,139927151915.33505,-1580000000000.0,1580000000000.0,-105333332295.61961,578.0,394896312128.04865,-1580000000000.0,9281.0,960.9333333333333,508.0,1406.9575399279483,37.0,9223.0,fixed,16.0,0.0,122743.0,Neutral,97_N_fixed
97,-91329479672.25433,80.0,369797196326.6722,-1580000000000.0,429.0,-91860464605.0,328.5,370810749695.29407,-1580000000000.0,8400.0,422.0755813953488,239.5,849.8499076890433,24.0,8290.0,91860465389.13954,150.0,370810749499.90424,-190.0,1580000000000.0,365.6860465116279,229.5,241651239676.99173,-1580000000000.0,1580000000000.0,-92397659892.97076,609.0,371832639363.4468,-1580000000000.0,8650.0,846.6432748538011,519.0,1197.1474017055666,59.0,8540.0,fixed,9.0,0.0,72687.0,Sad,97_S_fixed
98,102.49618320610686,100.0,15.264022075960455,67.0,194.0,846.4615384615385,466.0,1586.7208111756051,240.0,15551.0,743.8538461538461,364.0,1588.1160703462667,145.0,15454.0,641.376923076923,273.5,1588.0013486090804,50.0,15360.0,743.9846153846154,371.5,1586.5958145763684,145.0,15457.0,1596.4651162790697,935.0,2190.1425040911704,510.0,15931.0,1493.875968992248,829.0,2193.305713585346,397.0,15834.0,fixed,9.0,0.0,96806.0,Happy,98_H_fixed
98,96.21827411167513,94.0,22.794513998650714,41.0,298.0,656.7908163265306,400.5,742.8321632000449,231.0,7880.0,560.4489795918367,313.5,741.0933381464898,141.0,7750.0,464.0561224489796,216.0,739.2154135320426,63.0,7661.0,560.3979591836735,302.0,741.0230383600963,153.0,7791.0,1220.2923076923078,899.0,1108.412397522583,488.0,10737.0,1123.8051282051283,792.0,1107.4169131637796,383.0,10643.0,fixed,1.0,0.0,109910.0,Neutral,98_N_fixed
99,122.59006211180125,117.0,49.211593152641555,50.0,434.0,597.50625,432.5,536.6679987116758,191.0,4205.0,476.0625,301.0,538.420724501135,110.0,4107.0,353.59375,194.0,536.9724855848364,-223.0,4000.0,475.0375,315.0,534.8822581012073,-82.0,4098.0,1063.4968553459119,801.0,725.4709502616855,442.0,4536.0,942.566037735849,699.0,728.1503924527801,356.0,4438.0,fixed,4.0,0.0,76312.0,Calm,99_C_fixed
99,-70852017820.44394,112.0,327731337181.295,-1580000000000.0,978.0,-71171170487.88739,422.0,328437239726.7231,-1580000000000.0,15414.0,576.8018018018018,292.5,1372.5807269310033,2.0,15383.0,71171171631.12163,194.0,328437239477.8673,-151.0,1580000000000.0,566.9954954954954,300.5,150305872152.82016,-1580000000000.0,1580000000000.0,-71493211421.43892,817.0,329147709859.4845,-1580000000000.0,25903.0,1156.5339366515836,703.0,2260.8390889983903,4.0,25814.0,fixed,6.0,0.0,128181.0,Neutral,99_N_fixed
100,107.89502762430939,80.0,126.29473916915458,-107.0,1334.0,631.8111111111111,485.5,452.2503729969203,176.0,2669.0,522.5444444444445,405.5,425.36680618187125,111.0,2567.0,413.4555555555556,307.5,452.94261136135174,-1206.0,2498.0,522.7222222222222,396.5,476.8660383145641,-1058.0,2600.0,1157.4078212290503,991.0,582.3118938646517,335.0,3178.0,1048.1899441340781,888.0,565.3965176276757,272.0,3084.0,fixed,2.0,10.0,94165.0,Angry,100_A_fixed
100,108.12109375,103.0,38.029052160299564,39.0,552.0,590.3858267716536,375.5,584.326727154509,180.0,4794.0,484.0236220472441,265.5,585.8052390478597,82.0,4675.0,375.62992125984255,159.0,588.4728249141535,-250.0,4567.0,481.99212598425197,277.0,586.6197601690199,-104.0,4686.0,1070.6904761904761,743.0,881.5263968115025,316.0,6223.0,964.468253968254,644.5,885.4779715114315,232.0,6104.0,fixed,11.0,0.0,99463.0,Happy,100_H_fixed
100,108.12109375,103.0,38.029052160299564,39.0,552.0,590.3858267716536,375.5,584.326727154509,180.0,4794.0,484.0236220472441,265.5,585.8052390478597,82.0,4675.0,375.62992125984255,159.0,588.4728249141535,-250.0,4567.0,481.99212598425197,277.0,586.6197601690199,-104.0,4686.0,1070.6904761904761,743.0,881.5263968115025,316.0,6223.0,964.468253968254,644.5,885.4779715114315,232.0,6104.0,fixed,2.0,0.0,23626.0,Happy,100_H_fixed
100,-177176780909.1359,94.0,498874768644.96606,-1580000000000.0,1184.0,-177880794130.0861,357.0,499740794118.8572,-1580000000000.0,9611.0,487.35364238410597,261.0,771.558631765146,12.0,9531.0,177880795089.57483,225.0,499740793776.8778,-1135.0,1580000000000.0,478.07549668874174,262.0,162748280029.3751,-1580000000000.0,1580000000000.0,-178590424488.35773,718.0,500611219129.36926,-1580000000000.0,10257.0,971.5571808510638,636.0,1126.8855431461661,43.0,10177.0,fixed,8.0,1.0,192762.0,Neutral,100_N_fixed
100,-177176780909.1359,94.0,498874768644.96606,-1580000000000.0,1184.0,-177880794130.0861,357.0,499740794118.8572,-1580000000000.0,9611.0,487.35364238410597,261.0,771.558631765146,12.0,9531.0,177880795089.57483,225.0,499740793776.8778,-1135.0,1580000000000.0,478.07549668874174,262.0,162748280029.3751,-1580000000000.0,1580000000000.0,-178590424488.35773,718.0,500611219129.36926,-1580000000000.0,10257.0,971.5571808510638,636.0,1126.8855431461661,43.0,10177.0,fixed,3.0,0.0,59950.0,Neutral,100_N_fixed
100,-177176780909.1359,94.0,498874768644.96606,-1580000000000.0,1184.0,-177880794130.0861,357.0,499740794118.8572,-1580000000000.0,9611.0,487.35364238410597,261.0,771.558631765146,12.0,9531.0,177880795089.57483,225.0,499740793776.8778,-1135.0,1580000000000.0,478.07549668874174,262.0,162748280029.3751,-1580000000000.0,1580000000000.0,-178590424488.35773,718.0,500611219129.36926,-1580000000000.0,10257.0,971.5571808510638,636.0,1126.8855431461661,43.0,10177.0,fixed,4.0,4.0,115687.0,Neutral,100_N_fixed
101,113.48704663212435,109.0,40.89558717131171,-131.0,254.0,340.2447916666667,287.0,220.96738162535377,127.0,2263.0,225.42708333333334,163.5,217.03949237910945,40.0,2132.0,110.66666666666667,65.5,223.75059351369615,-111.0,2021.0,225.484375,170.5,225.9455519029711,10.0,2152.0,564.4188481675393,465.0,328.838358085154,227.0,2820.0,449.4607329842932,349.0,326.24493103944707,122.0,2723.0,fixed,18.0,0.0,43413.0,Angry,101_A_fixed
101,122.38333333333334,120.5,33.617518275655115,61.0,207.0,391.8151260504202,291.0,607.7871639960952,169.0,6696.0,269.93277310924367,159.0,606.6683919697202,57.0,6554.0,147.16806722689077,30.0,612.642986690575,-78.0,6479.0,269.0504201680672,169.0,613.371204674949,20.0,6621.0,660.1355932203389,469.5,932.035406275617,252.0,7887.0,538.8389830508474,337.0,933.5933517873406,166.0,7745.0,fixed,2.0,0.0,32199.0,Happy,101_H_fixed
101,-49720279584.05944,132.0,276320292327.14777,-1580000000000.0,558.0,-49894736473.39298,296.0,276790565385.7976,-1580000000000.0,3660.0,235.7017543859649,151.0,335.65152981737225,30.0,3569.0,49894736938.926315,25.0,276790565301.58453,-332.0,1580000000000.0,232.6,154.0,132590654610.87686,-1580000000000.0,1580000000000.0,-50070421934.97183,479.5,277263244488.4114,-1580000000000.0,4414.0,472.4330985915493,345.0,516.1163198146879,60.0,4323.0,fixed,19.0,0.0,67307.0,Neutral,101_N_fixed
103,115.14285714285714,112.0,29.98791242775815,46.0,229.0,242.2651515151515,216.5,87.70890959369106,99.0,644.0,127.83333333333333,106.0,87.32086716380675,3.0,549.0,12.530303030303031,-8.0,94.89129492921143,-111.0,451.0,126.96212121212122,101.5,92.81191728091407,9.0,546.0,368.6106870229008,332.0,134.83360529066266,157.0,1035.0,255.05343511450383,212.0,132.9233621288887,73.0,940.0,fixed,10.0,0.0,16968.0,Happy,103_H_fixed
103,113.54794520547945,109.0,29.142346515635133,46.0,247.0,239.5091743119266,218.0,107.26728066236042,96.0,1322.0,126.4908256880734,100.0,106.77554047850276,10.0,1231.0,12.899082568807339,-13.0,113.19018251822578,-146.0,1136.0,125.91743119266054,104.5,112.73603020247435,-9.0,1227.0,366.2165898617512,316.0,159.70755710853632,199.0,1531.0,253.23963133640552,205.0,160.7740469193533,109.0,1408.0,fixed,9.0,0.0,27679.0,Neutral,103_N_fixed
104,-383234042434.3064,137.0,678676257265.2195,-1580000000000.0,534.0,-378119657675.3376,404.0,675577555257.8981,-1580000000000.0,2743.0,341.55982905982904,239.0,374.4082694053542,9.0,2612.0,384871795067.7564,267.5,679665551805.7184,-435.0,1580000000000.0,6752137063.106837,252.5,273776103056.73346,-1580000000000.0,1580000000000.0,-372961372622.0858,732.0,672398104015.8743,-1580000000000.0,3462.0,683.0772532188842,575.0,569.5574378767242,48.0,3305.0,fixed,8.0,0.0,80107.0,Angry,104_A_fixed
104,-143636363502.60428,138.0,455437443504.3388,-1580000000000.0,544.0,-144408601585.32794,413.5,456543920367.86865,-1580000000000.0,7135.0,444.6989247311828,261.0,675.2596903445688,16.0,6904.0,144408602455.27957,152.5,456543920091.2085,-210.0,1580000000000.0,430.81182795698925,275.5,164280577391.5715,-1580000000000.0,1580000000000.0,-145189188209.03244,782.0,457658373817.388,-1580000000000.0,11538.0,878.5243243243243,657.0,1147.7283095327648,52.0,11450.0,fixed,7.0,1.0,82813.0,Calm,104_C_fixed
104,71.3801652892562,64.0,26.155387016300327,16.0,240.0,422.2583333333333,255.0,483.94835296065776,112.0,2672.0,352.28333333333336,184.0,480.6430248811968,40.0,2496.0,280.9,120.0,482.45465498598634,-128.0,2431.0,350.875,184.0,485.74012768007486,-56.0,2569.0,769.7478991596639,472.0,646.8380749682256,216.0,2825.0,699.7899159663865,408.0,641.3769466499874,121.0,2649.0,fixed,4.0,0.0,42345.0,Happy,104_H_fixed
104,-527123050209.72186,8.0,745303333294.0657,-1580000000000.0,656.0,-528496958352.9948,204.0,745787766015.0585,-1580000000000.0,248394.0,789.3353605560383,168.0,9426.127880042466,2.0,248220.0,528496959885.609,329.0,745787764928.0367,-290.0,1580000000000.0,759.4317984361425,162.0,228251577450.6186,-1580000000000.0,1580000000000.0,-529878047214.9861,392.5,746271864390.592,-1580000000000.0,248695.0,1572.4477351916375,366.5,13348.15039702795,4.0,248521.0,fixed,9.0,0.0,668979.0,Neutral,104_N_fixed
104,-527123050209.72186,8.0,745303333294.0657,-1580000000000.0,656.0,-528496958352.9948,204.0,745787766015.0585,-1580000000000.0,248394.0,789.3353605560383,168.0,9426.127880042466,2.0,248220.0,528496959885.609,329.0,745787764928.0367,-290.0,1580000000000.0,759.4317984361425,162.0,228251577450.6186,-1580000000000.0,1580000000000.0,-529878047214.9861,392.5,746271864390.592,-1580000000000.0,248695.0,1572.4477351916375,366.5,13348.15039702795,4.0,248521.0,fixed,17.0,0.0,147081.0,Neutral,104_N_fixed
104,-527123050209.72186,8.0,745303333294.0657,-1580000000000.0,656.0,-528496958352.9948,204.0,745787766015.0585,-1580000000000.0,248394.0,789.3353605560383,168.0,9426.127880042466,2.0,248220.0,528496959885.609,329.0,745787764928.0367,-290.0,1580000000000.0,759.4317984361425,162.0,228251577450.6186,-1580000000000.0,1580000000000.0,-529878047214.9861,392.5,746271864390.592,-1580000000000.0,248695.0,1572.4477351916375,366.5,13348.15039702795,4.0,248521.0,fixed,9.0,6.0,92800.0,Neutral,104_N_fixed
104,-158452721958.6762,88.0,475284441397.01245,-1580000000000.0,699.0,-159365993456.8732,320.0,476502978430.9618,-1580000000000.0,36468.0,691.0979827089337,214.0,2934.278261383392,11.0,36395.0,159365994815.1729,136.0,476502977975.3668,-343.0,1580000000000.0,672.6887608069164,216.0,208062907339.1137,-1580000000000.0,1580000000000.0,-160289853615.83478,648.0,477730740474.35364,-1580000000000.0,36916.0,1386.2434782608696,537.0,4132.0292657889895,45.0,36747.0,fixed,7.0,0.0,192280.0,Sad,104_S_fixed
104,-158452721958.6762,88.0,475284441397.01245,-1580000000000.0,699.0,-159365993456.8732,320.0,476502978430.9618,-1580000000000.0,36468.0,691.0979827089337,214.0,2934.278261383392,11.0,36395.0,159365994815.1729,136.0,476502977975.3668,-343.0,1580000000000.0,672.6887608069164,216.0,208062907339.1137,-1580000000000.0,1580000000000.0,-160289853615.83478,648.0,477730740474.35364,-1580000000000.0,36916.0,1386.2434782608696,537.0,4132.0292657889895,45.0,36747.0,fixed,5.0,0.0,47768.0,Sad,104_S_fixed
106,-41457725858.83673,79.0,252924827259.59042,-1580000000000.0,1473.0,-41700879157.1261,287.0,253647587313.7841,-1580000000000.0,33429.0,525.3401759530792,209.0,1871.5674498222293,32.0,33360.0,41700880198.51906,142.0,253647587142.0705,-1123.0,1580000000000.0,518.4486803519062,209.0,121180468237.88454,-1580000000000.0,1580000000000.0,-41946901526.0,623.0,254376573320.5362,-1580000000000.0,33844.0,1051.9203539823009,569.0,2651.8631101880446,74.0,33696.0,fixed,8.0,5.0,141590.0,Angry,106_A_fixed
106,-41457725858.83673,79.0,252924827259.59042,-1580000000000.0,1473.0,-41700879157.1261,287.0,253647587313.7841,-1580000000000.0,33429.0,525.3401759530792,209.0,1871.5674498222293,32.0,33360.0,41700880198.51906,142.0,253647587142.0705,-1123.0,1580000000000.0,518.4486803519062,209.0,121180468237.88454,-1580000000000.0,1580000000000.0,-41946901526.0,623.0,254376573320.5362,-1580000000000.0,33844.0,1051.9203539823009,569.0,2651.8631101880446,74.0,33696.0,fixed,3.0,0.0,37762.0,Angry,106_A_fixed
106,109.39344262295081,103.0,60.153596469101295,5.0,662.0,633.9529411764706,364.0,2418.198112435745,12.0,49320.0,526.0635294117648,256.0,2417.3794428997894,7.0,49210.0,416.83294117647057,156.0,2418.701680390461,-196.0,49121.0,524.7223529411765,261.0,2419.1843370633333,-58.0,49231.0,1161.7848699763592,703.0,3494.572178326494,20.0,51234.0,1054.0921985815603,607.0,3475.588315777398,15.0,51124.0,fixed,11.0,0.0,154928.0,Neutral,106_N_fixed
106,109.39344262295081,103.0,60.153596469101295,5.0,662.0,633.9529411764706,364.0,2418.198112435745,12.0,49320.0,526.0635294117648,256.0,2417.3794428997894,7.0,49210.0,416.83294117647057,156.0,2418.701680390461,-196.0,49121.0,524.7223529411765,261.0,2419.1843370633333,-58.0,49231.0,1161.7848699763592,703.0,3494.572178326494,20.0,51234.0,1054.0921985815603,607.0,3475.588315777398,15.0,51124.0,fixed,2.0,0.0,68937.0,Neutral,106_N_fixed
106,-53020134130.2953,90.5,285014512491.796,-1580000000000.0,256.0,-53378377741.692566,413.5,285945482783.9485,-1580000000000.0,23738.0,552.7668918918919,325.0,1572.2152555814955,27.0,23658.0,53378378827.11824,243.0,285945482580.64166,-229.0,1580000000000.0,538.0675675675676,319.0,225331394368.68445,-1580000000000.0,1580000000000.0,-53741495471.16327,789.5,286885621268.6195,-1580000000000.0,24414.0,1066.2074829931973,706.5,2142.5285867870675,65.0,24300.0,fixed,1.0,0.0,117477.0,Sad,106_S_fixed
106,-53020134130.2953,90.5,285014512491.796,-1580000000000.0,256.0,-53378377741.692566,413.5,285945482783.9485,-1580000000000.0,23738.0,552.7668918918919,325.0,1572.2152555814955,27.0,23658.0,53378378827.11824,243.0,285945482580.64166,-229.0,1580000000000.0,538.0675675675676,319.0,225331394368.68445,-1580000000000.0,1580000000000.0,-53741495471.16327,789.5,286885621268.6195,-1580000000000.0,24414.0,1066.2074829931973,706.5,2142.5285867870675,65.0,24300.0,fixed,4.0,0.0,46363.0,Sad,106_S_fixed
108,64.25301204819277,62.0,21.625654447126465,-50.0,151.0,324.8484848484849,242.0,210.14514745941463,138.0,1251.0,259.8909090909091,179.0,210.53193426100634,76.0,1201.0,194.94545454545454,112.0,214.25407343213251,-44.0,1147.0,259.9030303030303,178.0,213.6706270899329,52.0,1197.0,584.6463414634146,445.5,313.35799993218984,264.0,1762.0,519.8353658536586,384.0,314.1558418599151,199.0,1709.0,fixed,8.0,0.0,42932.0,Angry,108_A_fixed
108,73.22926829268293,64.0,34.58622532606179,27.0,263.0,332.80882352941177,292.5,164.81109568734527,117.0,1325.0,260.4852941176471,218.0,165.6595261384195,23.0,1286.0,187.26960784313727,150.0,172.05466784408677,-99.0,1210.0,259.59313725490193,221.5,170.22866728166966,-15.0,1249.0,593.1428571428571,517.0,244.69369473544165,305.0,1713.0,520.9064039408867,455.0,245.68877944449386,212.0,1663.0,fixed,2.0,0.0,53215.0,Neutral,108_N_fixed
108,111.86619718309859,110.5,44.078625571182805,30.0,282.0,514.2765957446809,435.0,264.7803430981715,220.0,1684.0,402.27659574468083,332.0,263.0943097170121,28.0,1590.0,290.87943262411346,217.0,265.1295229338,-83.0,1433.0,402.87943262411346,321.0,265.7682791772161,68.0,1548.0,915.6142857142858,790.0,427.92614480300324,382.0,2588.0,803.5142857142857,677.5,426.7207144488932,281.0,2471.0,fixed,1.0,0.0,56899.0,Sad,108_S_fixed
109,100.4,97.0,41.49518736808695,-107.0,379.0,495.0632183908046,361.0,457.8173418773978,177.0,3972.0,393.3965517241379,261.0,462.29616434906296,106.0,3917.0,291.8045977011494,173.0,466.1152041744123,-70.0,3827.0,393.4712643678161,267.0,461.1947876087362,52.0,3882.0,885.8439306358382,680.0,635.8585881352792,332.0,4284.0,784.4046242774566,561.0,639.0163210616322,248.0,4229.0,fixed,11.0,0.0,68558.0,Angry,109_A_fixed
109,115.61538461538461,109.5,53.407949443920906,51.0,560.0,265.3333333333333,244.0,93.58947367804423,131.0,707.0,150.71317829457365,130.0,82.44630769840923,38.0,452.0,35.15503875968992,25.0,85.45287897545522,-111.0,269.0,149.7751937984496,132.0,91.83130255988404,-3.0,568.0,416.21875,383.0,126.37632449830461,215.0,795.0,301.9140625,263.5,121.4777791380425,137.0,699.0,fixed,8.0,0.0,19565.0,Happy,109_H_fixed
109,115.02392344497608,108.0,42.59810966087552,41.0,463.0,389.43990384615387,293.0,321.71049807633085,101.0,4847.0,275.02884615384613,171.0,323.97404199840753,11.0,4751.0,159.93990384615384,67.5,326.411306418854,-138.0,4642.0,274.35096153846155,184.0,323.1644467786082,-84.0,4738.0,665.3985507246376,515.5,474.6510614324588,222.0,5406.0,551.0096618357488,403.0,473.8069302683798,133.0,5177.0,fixed,0.0,0.0,34550.0,Neutral,109_N_fixed
109,115.02392344497608,108.0,42.59810966087552,41.0,463.0,389.43990384615387,293.0,321.71049807633085,101.0,4847.0,275.02884615384613,171.0,323.97404199840753,11.0,4751.0,159.93990384615384,67.5,326.411306418854,-138.0,4642.0,274.35096153846155,184.0,323.1644467786082,-84.0,4738.0,665.3985507246376,515.5,474.6510614324588,222.0,5406.0,551.0096618357488,403.0,473.8069302683798,133.0,5177.0,fixed,8.0,0.0,80065.0,Neutral,109_N_fixed
110,118.30128205128206,102.0,116.9206193284666,27.0,1052.0,343.8774193548387,277.0,199.5131846531449,144.0,1375.0,229.86451612903227,168.0,161.78260535377888,56.0,941.0,111.49032258064516,65.0,171.91399117083196,-547.0,874.0,225.5032258064516,170.0,209.9739740889842,-443.0,1283.0,571.1623376623377,501.5,239.46321973312965,270.0,1451.0,457.0779220779221,399.0,218.36967314602643,183.0,1152.0,fixed,2.0,0.0,35736.0,Calm,110_C_fixed
110,149.78367346938776,135.0,59.021513676067755,35.0,575.0,558.5308641975308,417.0,591.544171026027,155.0,6118.0,409.6502057613169,266.0,564.3019283987834,67.0,5935.0,259.87242798353907,124.0,559.132441344549,-152.0,5799.0,408.75308641975306,265.0,584.4350071861988,-52.0,5982.0,970.1784232365145,718.0,877.8046701093795,285.0,7664.0,821.2199170124481,553.0,853.0309327734408,187.0,7481.0,fixed,3.0,0.0,66352.0,Happy,110_H_fixed
110,149.78367346938776,135.0,59.021513676067755,35.0,575.0,558.5308641975308,417.0,591.544171026027,155.0,6118.0,409.6502057613169,266.0,564.3019283987834,67.0,5935.0,259.87242798353907,124.0,559.132441344549,-152.0,5799.0,408.75308641975306,265.0,584.4350071861988,-52.0,5982.0,970.1784232365145,718.0,877.8046701093795,285.0,7664.0,821.2199170124481,553.0,853.0309327734408,187.0,7481.0,fixed,4.0,0.0,33494.0,Happy,110_H_fixed
110,152.41721854304635,140.0,92.28522237735318,24.0,1193.0,602.150776053215,429.0,733.1303048454138,150.0,7540.0,449.9246119733925,261.0,716.1627428902007,40.0,7416.0,297.3259423503326,122.0,715.2800463011744,-880.0,7247.0,449.5521064301552,276.0,730.957730234791,-760.0,7371.0,1052.6703786191538,774.0,1191.1935989646547,290.0,12456.0,900.3073496659242,613.0,1177.8681688467811,163.0,12332.0,fixed,18.0,0.0,148985.0,Neutral,110_N_fixed
110,152.41721854304635,140.0,92.28522237735318,24.0,1193.0,602.150776053215,429.0,733.1303048454138,150.0,7540.0,449.9246119733925,261.0,716.1627428902007,40.0,7416.0,297.3259423503326,122.0,715.2800463011744,-880.0,7247.0,449.5521064301552,276.0,730.957730234791,-760.0,7371.0,1052.6703786191538,774.0,1191.1935989646547,290.0,12456.0,900.3073496659242,613.0,1177.8681688467811,163.0,12332.0,fixed,4.0,0.0,54154.0,Neutral,110_N_fixed
112,90.88598574821853,82.0,50.80304001299235,17.0,611.0,414.94510739856804,335.0,305.4927768254304,133.0,3054.0,326.0286396181384,246.0,301.9348913319678,81.0,2945.0,235.4415274463007,167.0,309.2652092604427,-264.0,2901.0,324.35799522673034,253.0,311.62202714306943,-126.0,3010.0,736.3525179856115,592.0,475.97643359329527,325.0,5572.0,647.7002398081535,507.0,473.2395909141542,226.0,5388.0,fixed,5.0,0.0,72145.0,Neutral,112_N_fixed
112,90.88598574821853,82.0,50.80304001299235,17.0,611.0,414.94510739856804,335.0,305.4927768254304,133.0,3054.0,326.0286396181384,246.0,301.9348913319678,81.0,2945.0,235.4415274463007,167.0,309.2652092604427,-264.0,2901.0,324.35799522673034,253.0,311.62202714306943,-126.0,3010.0,736.3525179856115,592.0,475.97643359329527,325.0,5572.0,647.7002398081535,507.0,473.2395909141542,226.0,5388.0,fixed,3.0,0.0,64768.0,Neutral,112_N_fixed
112,131.4965034965035,128.0,39.95911187065079,49.0,268.0,517.169014084507,455.5,277.6808457252841,255.0,2405.0,385.3732394366197,324.0,280.1649617700544,100.0,2313.0,253.64788732394365,191.0,282.2904845908561,-93.0,2161.0,385.443661971831,334.5,278.66346475767176,78.0,2253.0,902.4539007092199,800.0,398.8030569301327,473.0,2823.0,770.4042553191489,666.0,404.4558068516864,350.0,2666.0,fixed,2.0,0.0,54822.0,Sad,112_S_fixed
113,87.81871345029239,87.0,33.58600725065329,-92.0,324.0,420.52941176470586,295.5,389.8885013802378,152.0,3471.0,331.5882352941176,206.0,384.60130109961693,75.0,3394.0,242.71176470588236,117.0,385.6951065872992,-115.0,3315.0,331.65294117647056,207.5,390.64713813076855,-5.0,3392.0,754.4023668639053,573.0,560.3749628971512,266.0,3728.0,665.508875739645,476.0,555.9349709138994,165.0,3627.0,fixed,8.0,0.0,56462.0,Angry,113_A_fixed
113,-60108695563.108696,84.0,303080701511.54,-1580000000000.0,617.0,-60437157963.81967,320.0,303879359362.892,-1580000000000.0,6465.0,426.7103825136612,238.0,603.0765157031983,11.0,6408.0,60437158803.76503,165.0,303879359194.92126,-172.0,1580000000000.0,416.55737704918033,239.0,165629004202.06308,-1580000000000.0,1580000000000.0,-60769229861.21429,646.5,304684351907.20575,-1580000000000.0,7773.0,844.0769230769231,571.5,910.5189550639853,43.0,7675.0,fixed,7.0,0.0,78186.0,Calm,113_C_fixed
113,92.08695652173913,84.5,54.255071848874756,29.0,593.0,443.93430656934305,323.0,333.9075295642485,148.0,2057.0,352.13868613138686,237.0,326.24168194223176,57.0,1804.0,260.18978102189783,147.0,326.3978205315498,-199.0,1711.0,351.985401459854,234.0,333.7067659902455,-36.0,1964.0,795.375,658.0,467.8648417921409,265.0,2456.0,703.7573529411765,565.0,452.51413722664864,188.0,2113.0,fixed,9.0,0.0,48354.0,Happy,113_H_fixed
113,88.44017094017094,83.0,35.73974011022772,50.0,453.0,449.80257510729615,304.0,382.5800396224013,132.0,4185.0,361.3090128755365,221.0,380.78835957669133,33.0,4102.0,272.83261802575106,131.0,380.91027810491164,-117.0,4024.0,361.3261802575107,216.0,382.52723145289815,-20.0,4107.0,803.9137931034483,686.0,554.2011929192948,254.0,5118.0,715.3318965517242,600.0,555.3711268170279,170.0,5035.0,fixed,10.0,0.0,84265.0,Neutral,113_N_fixed
113,88.44017094017094,83.0,35.73974011022772,50.0,453.0,449.80257510729615,304.0,382.5800396224013,132.0,4185.0,361.3090128755365,221.0,380.78835957669133,33.0,4102.0,272.83261802575106,131.0,380.91027810491164,-117.0,4024.0,361.3261802575107,216.0,382.52723145289815,-20.0,4107.0,803.9137931034483,686.0,554.2011929192948,254.0,5118.0,715.3318965517242,600.0,555.3711268170279,170.0,5035.0,fixed,9.0,0.0,37576.0,Neutral,113_N_fixed
113,97.6891891891892,92.0,49.55857543693234,45.0,512.0,418.85714285714283,312.0,361.9770862346182,141.0,2632.0,321.1904761904762,219.0,354.1811960490042,61.0,2568.0,223.39455782312925,118.0,354.09414733324707,-109.0,2427.0,321.0612244897959,212.0,361.767620572075,13.0,2491.0,741.2534246575342,578.5,486.1108119965189,252.0,2861.0,643.6780821917808,488.5,480.15531876361234,165.0,2797.0,fixed,2.0,0.0,47297.0,Sad,113_S_fixed
114,131.4392523364486,126.0,45.24708951189601,75.0,603.0,476.4600938967136,351.0,361.8881362577973,163.0,2415.0,347.23474178403757,221.0,363.7353398647984,56.0,2328.0,215.70892018779344,103.0,366.4064911538517,-256.0,2221.0,344.9342723004695,228.0,364.53346431142336,-116.0,2306.0,815.1037735849056,627.0,498.2657017687976,251.0,3287.0,685.9292452830189,496.5,500.97947635440863,144.0,3133.0,fixed,6.0,0.0,74074.0,Neutral,114_N_fixed
114,138.71527777777777,135.0,48.7120357026877,71.0,520.0,461.83216783216784,401.0,246.83446543005422,196.0,2081.0,324.1958041958042,264.0,246.09191168414242,61.0,1964.0,185.16083916083917,125.0,253.51747030807076,-145.0,1865.0,322.7972027972028,270.0,254.28473447948795,3.0,1982.0,784.556338028169,691.5,342.53857316874644,337.0,2417.0,647.1338028169014,547.0,342.310862595221,202.0,2286.0,fixed,1.0,0.0,46453.0,Sad,114_S_fixed
115,109.68666666666667,107.0,24.293545049996236,13.0,238.0,690.9664429530201,597.0,316.3369187490029,331.0,2320.0,581.2416107382551,485.0,316.51121091554694,239.0,2212.0,471.53691275167785,364.0,308.94483727616125,147.0,2199.0,581.261744966443,490.0,308.8625907188878,240.0,2307.0,1274.0675675675675,1142.5,432.04358028735066,714.0,2797.0,1164.3108108108108,1032.0,434.04418175926065,599.0,2689.0,fixed,1.0,0.0,86712.0,Calm,115_C_fixed
115,102.69633507853403,96.0,28.150384444841865,47.0,206.0,550.3263157894737,407.0,371.0524554569617,171.0,2650.0,447.7736842105263,309.5,368.4068465634432,95.0,2592.0,344.9421052631579,197.5,363.52022543790144,8.0,2439.0,447.4947368421053,310.5,366.1534756041794,92.0,2497.0,1000.1481481481482,833.0,520.2114333443573,363.0,2964.0,897.6825396825396,732.0,518.4372433367631,279.0,2906.0,fixed,1.0,0.0,85154.0,Neutral,115_N_fixed
117,124.64963503649635,119.0,62.06834364596865,19.0,631.0,379.5220588235294,305.5,236.4006319134176,151.0,1534.0,254.46323529411765,184.5,219.25249804187752,46.0,1432.0,129.0514705882353,73.0,219.4421654965639,-390.0,1345.0,254.11029411764707,201.0,234.24509711598202,-207.0,1366.0,619.4444444444445,521.0,302.70353129868914,236.0,1805.0,494.9185185185185,400.0,289.7018810404686,144.0,1671.0,fixed,12.0,0.0,34787.0,Happy,117_H_fixed
117,135.928,130.0,63.40349223275669,14.0,737.0,375.41767068273094,303.0,207.40536670515743,125.0,1446.0,240.19277108433735,170.0,194.41855773740673,39.0,1303.0,104.2570281124498,55.0,199.60826101069293,-488.0,1208.0,239.48192771084337,169.0,211.23011615407134,-368.0,1351.0,618.2258064516129,548.5,296.2285565435878,231.0,2494.0,483.5524193548387,409.0,292.8486594165292,153.0,2351.0,fixed,25.0,0.0,61159.0,Neutral,117_N_fixed
118,100.39622641509433,92.0,44.10717942477359,50.0,451.0,614.3417721518987,266.0,2423.8542549680615,76.0,28699.0,515.6012658227849,165.5,2422.5008737481376,15.0,28583.0,415.11392405063293,83.5,2424.3356985564797,-144.0,28497.0,513.8544303797469,169.5,2425.6548681096556,-52.0,28613.0,1134.5668789808917,495.0,3972.8537638770913,208.0,39285.0,1035.783439490446,385.0,3971.1246216271306,115.0,39169.0,fixed,20.0,0.0,81551.0,Happy,118_H_fixed
118,108.96460176991151,99.0,65.8062380296768,17.0,715.0,369.23555555555555,271.0,519.1709071905088,111.0,7474.0,261.32444444444445,155.0,514.3025674377058,29.0,7326.0,152.16444444444446,44.0,515.9385212006661,-136.0,7220.0,260.0755555555556,164.0,520.9302707123521,-48.0,7368.0,628.0401785714286,489.5,745.8695128620075,221.0,8249.0,520.0625,393.5,740.3721556161194,133.0,8184.0,fixed,12.0,0.0,58863.0,Neutral,118_N_fixed
120,-332842639529.6726,67.5,645107278019.6722,-1580000000000.0,352.0,-333689567012.9898,273.0,645710236706.2656,-1580000000000.0,5914.0,387.61323155216286,207.0,590.0393259360008,28.0,6706.0,333689567740.7888,267.0,645710236329.1948,-171.0,1580000000000.0,353.6055979643766,202.0,225714285714.28574,-1580000000000.0,1580000000000.0,-334540815569.1352,522.0,646314591563.1873,-1580000000000.0,6824.0,774.4387755102041,475.5,932.5683515203162,63.0,8129.0,fixed,15.0,3.0,152388.0,Calm,120_C_fixed
120,-83157894584.82707,154.0,354142944170.651,-1580000000000.0,323.0,-83787878249.57576,472.5,355417248316.4894,-1580000000000.0,2059.0,406.9015151515151,309.5,290.70960458189217,10.0,1996.0,83787879029.03787,159.0,355417248131.3323,-313.0,1580000000000.0,378.7121212121212,310.0,338140401753.04395,-1580000000000.0,1580000000000.0,-84427480010.21375,843.0,356705352239.3449,-1580000000000.0,2070.0,801.4732824427481,690.0,388.2676778529169,47.0,2007.0,fixed,5.0,0.0,53774.0,Happy,120_H_fixed
120,-65750315158.35813,80.0,315734230419.6175,-1580000000000.0,688.0,-65916560216.621994,326.0,316116287302.9202,-1580000000000.0,461610.0,1022.4601769911504,227.0,16408.11773253343,6.0,461478.0,65916562232.988625,144.0,316116286881.9351,-185.0,1580000000000.0,997.8255372945638,225.0,158996855314.81516,-1580000000000.0,1580000000000.0,-66083648096.742714,675.0,316499730750.6103,-1580000000000.0,463690.0,2045.0811153358682,578.0,23255.134228287006,43.0,463588.0,fixed,7.0,0.0,123938.0,Neutral,120_N_fixed
120,-65750315158.35813,80.0,315734230419.6175,-1580000000000.0,688.0,-65916560216.621994,326.0,316116287302.9202,-1580000000000.0,461610.0,1022.4601769911504,227.0,16408.11773253343,6.0,461478.0,65916562232.988625,144.0,316116286881.9351,-185.0,1580000000000.0,997.8255372945638,225.0,158996855314.81516,-1580000000000.0,1580000000000.0,-66083648096.742714,675.0,316499730750.6103,-1580000000000.0,463690.0,2045.0811153358682,578.0,23255.134228287006,43.0,463588.0,fixed,21.0,0.0,684946.0,Neutral,120_N_fixed
121,85.87301587301587,75.5,40.91063121038034,3.0,300.0,569.792,341.0,658.2827769671732,171.0,5890.0,485.4,265.0,656.8214025431188,68.0,5823.0,399.296,200.0,657.990023750238,-87.0,5726.0,483.688,271.0,659.6191645135459,-33.0,5793.0,1059.8145161290322,781.5,863.1163273767428,341.0,6069.0,975.4516129032259,699.0,861.2057283731589,245.0,6002.0,fixed,5.0,0.0,60732.0,Happy,121_H_fixed
121,-36073059254.97032,98.5,236265983152.59622,-1580000000000.0,636.0,-36238531531.22477,441.0,236795810050.2682,-1580000000000.0,4264.0,476.2889908256881,329.0,440.86276851207185,10.0,4203.0,36238532478.7156,239.5,236795809904.93356,-237.0,1580000000000.0,472.9449541284404,329.0,107134033572.08804,-1580000000000.0,1580000000000.0,-36405528901.49078,885.5,237329214928.59955,-1580000000000.0,4648.0,954.6981566820276,766.0,603.2553671625734,46.0,4581.0,fixed,4.0,0.0,103400.0,Neutral,121_N_fixed
121,-36073059254.97032,98.5,236265983152.59622,-1580000000000.0,636.0,-36238531531.22477,441.0,236795810050.2682,-1580000000000.0,4264.0,476.2889908256881,329.0,440.86276851207185,10.0,4203.0,36238532478.7156,239.5,236795809904.93356,-237.0,1580000000000.0,472.9449541284404,329.0,107134033572.08804,-1580000000000.0,1580000000000.0,-36405528901.49078,885.5,237329214928.59955,-1580000000000.0,4648.0,954.6981566820276,766.0,603.2553671625734,46.0,4581.0,fixed,4.0,0.0,104469.0,Neutral,121_N_fixed
121,96.98101265822785,77.0,71.7108020289162,46.0,536.0,486.656050955414,323.0,379.7321882417517,161.0,2754.0,389.96815286624206,238.0,356.07398792483343,72.0,2218.0,292.78980891719743,155.0,363.77294679312394,-222.0,2146.0,389.4777070063694,242.0,388.2576560902015,-164.0,2682.0,879.7179487179487,724.0,506.9461101966433,315.0,3171.0,782.9166666666666,650.0,486.4931118211873,225.0,3106.0,fixed,6.0,0.0,61291.0,Sad,121_S_fixed
122,-39273422471.75908,89.0,246222510589.21362,-1580000000000.0,340.0,-39424183797.26488,263.0,246683491053.46915,-1580000000000.0,24710.0,379.06142034548947,177.0,1630.5328742201411,4.0,24604.0,39424184546.12092,91.0,246683490933.5592,-156.0,1580000000000.0,372.64875239923225,169.0,169719225147.34558,-1580000000000.0,1580000000000.0,-39576107066.62042,440.0,247147068193.28305,-1580000000000.0,44791.0,755.4874759152216,365.0,2698.234593607484,65.0,44685.0,fixed,5.0,0.0,38097.0,Neutral,122_N_fixed
122,-39273422471.75908,89.0,246222510589.21362,-1580000000000.0,340.0,-39424183797.26488,263.0,246683491053.46915,-1580000000000.0,24710.0,379.06142034548947,177.0,1630.5328742201411,4.0,24604.0,39424184546.12092,91.0,246683490933.5592,-156.0,1580000000000.0,372.64875239923225,169.0,169719225147.34558,-1580000000000.0,1580000000000.0,-39576107066.62042,440.0,247147068193.28305,-1580000000000.0,44791.0,755.4874759152216,365.0,2698.234593607484,65.0,44685.0,fixed,38.0,16.0,159535.0,Neutral,122_N_fixed
122,-95757575657.3091,95.0,378145589995.33374,-1580000000000.0,598.0,-96341463057.13414,275.5,379229157531.91614,-1580000000000.0,1848.0,269.2865853658537,175.5,261.3422118999992,5.0,1741.0,96341463576.0,88.0,379229157399.29175,-194.0,1580000000000.0,257.140243902439,173.0,247510302196.19452,-1580000000000.0,1580000000000.0,-96932514719.93864,531.0,380322039280.98505,-1580000000000.0,2171.0,539.9877300613497,434.0,360.261410366329,38.0,2050.0,fixed,0.0,0.0,0.0,Sad,122_S_fixed
123,128.55023923444975,124.0,55.084401012942116,38.0,815.0,376.68509615384613,295.0,259.9892571811945,122.0,2517.0,249.15144230769232,170.0,249.77475857662458,42.0,2393.0,120.45192307692308,59.5,254.50800654180446,-713.0,2178.0,247.98557692307693,174.5,263.39525438480746,-596.0,2302.0,625.2850241545893,513.5,381.20768448420046,272.0,4581.0,497.67149758454104,394.5,367.1975780372139,141.0,3766.0,fixed,10.0,0.0,53293.0,Neutral,123_N_fixed
123,128.55023923444975,124.0,55.084401012942116,38.0,815.0,376.68509615384613,295.0,259.9892571811945,122.0,2517.0,249.15144230769232,170.0,249.77475857662458,42.0,2393.0,120.45192307692308,59.5,254.50800654180446,-713.0,2178.0,247.98557692307693,174.5,263.39525438480746,-596.0,2302.0,625.2850241545893,513.5,381.20768448420046,272.0,4581.0,497.67149758454104,394.5,367.1975780372139,141.0,3766.0,fixed,7.0,0.0,50549.0,Neutral,123_N_fixed
126,82.2,66.0,87.9819012824287,25.0,954.0,378.2383177570093,266.5,307.9420777024342,106.0,2771.0,298.35046728971963,204.0,292.17003148894327,48.0,2670.0,216.20093457943926,133.0,295.21167992063556,-118.0,2616.0,296.08878504672896,198.5,310.41634401912165,-20.0,2717.0,802.3286384976526,504.0,1951.814775994171,239.0,28467.0,727.0281690140845,440.0,1947.7799552104814,184.0,28372.0,fixed,8.0,1.0,93320.0,Neutral,126_N_fixed
127,-10326797265.816994,101.0,127735429195.55133,-1580000000000.0,448.0,-10326796907.026144,376.0,127735429224.74869,-1580000000000.0,2333.0,362.81045751633985,263.0,295.2063674171089,33.0,2154.0,10326797625.17647,160.0,127735429166.3077,-147.0,1580000000000.0,354.9477124183006,265.0,181238429757.7438,-1580000000000.0,1580000000000.0,-10394735992.480263,728.5,128154922762.67247,-1580000000000.0,2581.0,740.6776315789474,633.0,395.81788243159446,219.0,2402.0,fixed,0.0,0.0,57625.0,Calm,127_C_fixed
127,-44093023138.96279,101.0,260843331624.63467,-1580000000000.0,549.0,-44299064880.61682,373.5,261437385299.35165,-1580000000000.0,3123.0,443.13084112149534,262.5,445.89320779002645,5.0,3045.0,44299065738.747665,159.0,261437385153.26343,-154.0,1580000000000.0,419.9859813084112,255.5,265181309221.75372,-1580000000000.0,1580000000000.0,-37089200905.39436,771.0,239781694351.12918,-1580000000000.0,3781.0,887.6197183098592,672.0,621.6644661529872,48.0,3639.0,fixed,4.0,0.0,95603.0,Neutral,127_N_fixed
128,93.18981481481481,85.0,53.02580405594524,17.0,504.0,437.66046511627906,333.0,288.0215157295497,179.0,1914.0,346.3813953488372,246.0,277.10661875336433,78.0,1797.0,253.6,165.0,284.2237304870278,-188.0,1699.0,344.8790697674419,260.0,294.35159896323773,-136.0,1816.0,782.9158878504672,646.0,413.77453254634923,350.0,2730.0,691.5747663551402,572.0,406.9008617404937,269.0,2639.0,fixed,8.0,0.0,74653.0,Neutral,128_N_fixed
128,125.43870967741935,120.0,49.568145912807246,15.0,346.0,503.54545454545456,423.0,357.08077647349796,199.0,3869.0,379.07142857142856,302.0,349.06064621193485,80.0,3749.0,253.12337662337663,180.5,357.0119151436503,-132.0,3682.0,377.5974025974026,308.0,364.06157490183824,-41.0,3802.0,884.3529411764706,746.0,533.630767165495,357.0,4639.0,759.5751633986928,631.0,529.7978101523664,293.0,4519.0,fixed,3.0,5.0,58424.0,Sad,128_S_fixed
130,-52087912005.08242,82.5,282887699981.77386,-1580000000000.0,245.0,-52375690273.16575,265.0,283645695066.7514,-1580000000000.0,1330.0,256.8232044198895,176.0,209.492672141022,5.0,1255.0,52375690777.48066,104.0,283645694973.11145,-113.0,1580000000000.0,250.15469613259668,179.0,166546623435.53467,-1580000000000.0,1580000000000.0,-52666666081.14445,497.0,284409807512.8662,-1580000000000.0,1579.0,514.1555555555556,421.5,288.09097768149104,33.0,1485.0,fixed,12.0,0.0,46603.0,Angry,130_A_fixed
130,112.56153846153846,107.5,39.346602120005,53.0,399.0,590.7441860465116,334.0,1271.4417030915988,221.0,11725.0,478.5348837209302,237.0,1268.5327710988568,91.0,11581.0,366.27906976744185,117.0,1269.8631630067973,-148.0,11496.0,478.48837209302326,219.0,1272.6700040925223,-17.0,11640.0,1071.9375,621.0,2186.5018901771,321.0,20156.0,959.953125,506.0,2183.1542803839266,205.0,20012.0,fixed,6.0,0.0,61883.0,Happy,130_H_fixed
130,-40092272095.67705,94.0,248615549098.75934,-1580000000000.0,1489.0,-38358380950.94104,302.0,243317324764.4133,-1580000000000.0,61406.0,448.6566473988439,207.0,2492.91188158219,3.0,60805.0,40184971436.70636,115.0,248895640365.4654,-1266.0,1580000000000.0,1826590039.3456647,208.0,142204510020.53693,-1580000000000.0,1580000000000.0,-36658931721.4768,543.0,237997788834.49713,-1580000000000.0,68496.0,894.8828306264501,461.5,3670.906849190099,26.0,67895.0,fixed,5.0,0.0,95197.0,Neutral,130_N_fixed
130,-40092272095.67705,94.0,248615549098.75934,-1580000000000.0,1489.0,-38358380950.94104,302.0,243317324764.4133,-1580000000000.0,61406.0,448.6566473988439,207.0,2492.91188158219,3.0,60805.0,40184971436.70636,115.0,248895640365.4654,-1266.0,1580000000000.0,1826590039.3456647,208.0,142204510020.53693,-1580000000000.0,1580000000000.0,-36658931721.4768,543.0,237997788834.49713,-1580000000000.0,68496.0,894.8828306264501,461.5,3670.906849190099,26.0,67895.0,fixed,11.0,0.0,260557.0,Neutral,130_N_fixed
130,-40092272095.67705,94.0,248615549098.75934,-1580000000000.0,1489.0,-38358380950.94104,302.0,243317324764.4133,-1580000000000.0,61406.0,448.6566473988439,207.0,2492.91188158219,3.0,60805.0,40184971436.70636,115.0,248895640365.4654,-1266.0,1580000000000.0,1826590039.3456647,208.0,142204510020.53693,-1580000000000.0,1580000000000.0,-36658931721.4768,543.0,237997788834.49713,-1580000000000.0,68496.0,894.8828306264501,461.5,3670.906849190099,26.0,67895.0,fixed,1.0,0.0,55681.0,Neutral,130_N_fixed
131,4.201680672268908,4.0,1.5159034445167834,1.0,10.0,978.5508474576271,1021.0,810.9264259676145,4.0,3516.0,974.3644067796611,1017.0,810.4162659969136,3.0,3509.0,970.1610169491526,1012.0,810.6812685335057,0.0,3505.0,974.3474576271186,1016.0,811.1907927072202,1.0,3512.0,1956.7094017094016,1751.0,1024.0071815803283,11.0,5461.0,1952.5213675213674,1747.0,1023.5862293603041,8.0,5455.0,fixed,9.0,0.0,114979.0,Calm,131_C_fixed
131,-153911719874.09283,75.0,468856364993.8916,-1580000000000.0,407.0,-154617736352.75534,321.5,469815796827.9786,-1580000000000.0,58137.0,593.0550458715596,234.5,2348.479699824445,3.0,58064.0,154617737526.70032,218.5,469815796441.0388,-232.0,1580000000000.0,585.4006116207951,233.5,123660355870.78351,-1580000000000.0,1580000000000.0,-155330259905.19202,710.0,470781027398.44574,-1580000000000.0,66558.0,1182.6728110599079,624.0,3551.6414608781747,10.0,66496.0,fixed,5.0,32.0,64934.0,Neutral,131_N_fixed
131,-153911719874.09283,75.0,468856364993.8916,-1580000000000.0,407.0,-154617736352.75534,321.5,469815796827.9786,-1580000000000.0,58137.0,593.0550458715596,234.5,2348.479699824445,3.0,58064.0,154617737526.70032,218.5,469815796441.0388,-232.0,1580000000000.0,585.4006116207951,233.5,123660355870.78351,-1580000000000.0,1580000000000.0,-155330259905.19202,710.0,470781027398.44574,-1580000000000.0,66558.0,1182.6728110599079,624.0,3551.6414608781747,10.0,66496.0,fixed,6.0,0.0,145571.0,Neutral,131_N_fixed
131,-153911719874.09283,75.0,468856364993.8916,-1580000000000.0,407.0,-154617736352.75534,321.5,469815796827.9786,-1580000000000.0,58137.0,593.0550458715596,234.5,2348.479699824445,3.0,58064.0,154617737526.70032,218.5,469815796441.0388,-232.0,1580000000000.0,585.4006116207951,233.5,123660355870.78351,-1580000000000.0,1580000000000.0,-155330259905.19202,710.0,470781027398.44574,-1580000000000.0,66558.0,1182.6728110599079,624.0,3551.6414608781747,10.0,66496.0,fixed,7.0,5.0,177527.0,Neutral,131_N_fixed
133,79.63586956521739,71.0,49.2487054702614,-56.0,619.0,370.75956284153006,278.0,236.5326618336114,156.0,1707.0,293.4590163934426,208.0,231.54618178697334,68.0,1608.0,213.08196721311475,133.0,232.15518884142762,-198.0,1487.0,290.3825136612022,200.0,235.9972204162503,-72.0,1586.0,660.3681318681319,563.0,342.36893556452344,277.0,2269.0,583.3351648351648,486.5,337.07715524914573,189.0,2177.0,fixed,18.0,0.0,53759.0,Angry,133_A_fixed
133,96.32098765432099,91.0,42.758552857840506,35.0,399.0,484.3167701863354,382.0,522.4050562346262,190.0,6241.0,389.87577639751555,289.0,520.2526040031416,104.0,6144.0,293.77639751552795,205.0,523.4996176593075,-155.0,6068.0,388.2173913043478,293.0,524.6838416567181,-51.0,6165.0,873.55,690.5,746.3448610209142,400.0,6660.0,779.16875,603.0,742.856988885165,311.0,6563.0,fixed,5.0,0.0,62902.0,Calm,133_C_fixed
133,71.58771929824562,67.0,27.265918109016404,14.0,221.0,331.46017699115043,299.0,159.65118424900976,165.0,1175.0,261.1946902654867,233.0,154.15818976478346,85.0,1078.0,190.30088495575222,149.0,160.0705137563126,-93.0,1022.0,260.56637168141594,230.0,164.60493158437367,-12.0,1119.0,589.0,530.0,228.00442543516127,290.0,1436.0,518.8303571428571,461.5,220.56666939208688,231.0,1322.0,fixed,1.0,0.0,29665.0,Happy,133_H_fixed
133,79.31162790697674,67.0,47.42599354952897,34.0,504.0,399.5747663551402,312.0,318.12434678526387,158.0,2303.0,322.24766355140184,233.5,311.236575582676,74.0,2212.0,242.80841121495328,167.5,315.39873522644393,-143.0,2151.0,320.1355140186916,245.5,321.4118288261323,-54.0,2242.0,720.3051643192488,551.0,458.5720513145005,300.0,3210.0,643.0704225352113,479.0,453.16569891999876,239.0,3152.0,fixed,6.0,0.0,69013.0,Neutral,133_N_fixed
133,112.78620689655172,109.0,38.52005001130662,44.0,225.0,542.0138888888889,466.5,263.40725962116994,233.0,1947.0,428.8888888888889,346.5,260.2928987936343,137.0,1827.0,315.9861111111111,239.0,264.46354160964205,-70.0,1753.0,429.1111111111111,347.5,265.87688699192904,64.0,1873.0,969.0909090909091,847.0,395.2057746964145,503.0,2553.0,855.7132867132867,737.0,395.80384639644427,349.0,2470.0,fixed,4.0,0.0,61856.0,Sad,133_S_fixed
135,99.51948051948052,76.0,67.28529984611154,9.0,595.0,515.4956521739131,334.0,436.35177455815756,180.0,2644.0,417.0,245.5,413.62716583223886,94.0,2525.0,317.5217391304348,150.5,426.41615787868426,-261.0,2451.0,416.0173913043478,237.5,449.0173352798434,-185.0,2568.0,931.6157205240174,711.0,615.6806181872466,290.0,4301.0,833.17903930131,636.0,598.7317871067606,211.0,4114.0,fixed,13.0,0.0,96019.0,Neutral,135_N_fixed
136,120.0592105263158,115.5,32.114289603284035,48.0,245.0,508.57615894039736,464.0,251.2431076888436,212.0,1677.0,388.3245033112583,336.0,253.62556521162898,92.0,1594.0,268.3774834437086,204.0,258.7582846782393,-53.0,1511.0,388.6291390728477,330.0,255.56154160055826,96.0,1594.0,892.8533333333334,808.5,355.8373315609795,409.0,2530.0,773.2133333333334,681.5,358.98018465563183,260.0,2473.0,fixed,1.0,0.0,58774.0,Calm,136_C_fixed
136,108.17061611374407,103.0,43.62992953837258,42.0,498.0,472.64285714285717,368.0,304.57191083909953,173.0,2337.0,366.3285714285714,252.0,306.9098049368419,30.0,2290.0,258.2809523809524,154.5,311.35587435713535,-154.0,2147.0,364.5952380952381,262.0,308.0906673486869,-28.0,2194.0,839.665071770335,699.0,428.493731189132,368.0,2877.0,733.4832535885167,583.0,434.0114662577586,240.0,2821.0,fixed,6.0,0.0,77063.0,Neutral,136_N_fixed
138,84.8268156424581,83.0,21.55599336414955,-118.0,145.0,586.5955056179776,375.5,506.5812346744786,194.0,2941.0,500.4157303370786,276.0,507.48942955207514,110.0,2868.0,414.44943820224717,193.5,505.9602943541711,27.0,2790.0,500.6292134831461,287.5,505.0239102024915,114.0,2863.0,1078.1920903954801,821.0,688.6643506757323,351.0,3898.0,991.9265536723163,717.0,687.9853908216933,256.0,3817.0,fixed,9.0,4.0,89192.0,Angry,138_A_fixed
138,84.1858407079646,82.0,16.22253099889514,41.0,129.0,539.0089285714286,389.0,443.8288464764401,177.0,3517.0,454.9107142857143,301.0,443.5590407001898,104.0,3434.0,370.83035714285717,216.0,440.5934345466771,11.0,3305.0,454.92857142857144,306.0,440.9544054035379,84.0,3388.0,987.7477477477478,790.0,595.5497913459076,383.0,3912.0,903.2612612612612,704.0,593.1645902462748,304.0,3829.0,fixed,0.0,0.0,51046.0,Happy,138_H_fixed
138,80.74396135265701,79.0,16.134361503471798,48.0,138.0,580.2669902912621,345.0,828.146506172387,190.0,10792.0,499.3980582524272,260.5,830.8381585211091,97.0,10744.0,418.5485436893204,196.5,830.5676196449912,4.0,10660.0,499.41747572815535,268.5,827.8406058935983,96.0,10708.0,1080.3658536585365,833.0,1162.9573390102164,354.0,11506.0,999.6048780487805,752.0,1166.1968626801854,267.0,11447.0,fixed,4.0,0.0,102935.0,Neutral,138_N_fixed
138,84.4258064516129,83.0,22.3426528169186,37.0,222.0,555.3571428571429,352.0,483.4476089190648,178.0,3695.0,471.2597402597403,278.5,477.6369229166287,97.0,3473.0,387.72727272727275,192.5,476.63924606071174,16.0,3390.0,471.8246753246753,263.5,482.43486651868403,100.0,3612.0,1008.0196078431372,785.0,621.5430974449191,328.0,4620.0,923.8627450980392,710.0,616.3036787641335,248.0,4398.0,fixed,3.0,0.0,72796.0,Sad,138_S_fixed
139,-37031249916.65625,75.0,239974931036.36115,-1580000000000.0,359.0,-37322834042.14173,458.0,240902564929.6624,-1580000000000.0,2660.0,531.3464566929134,394.0,457.3284460719142,22.0,2575.0,37322835089.244095,299.0,240902564766.1482,-113.0,1580000000000.0,519.8425196850394,377.0,199061289118.193,-1580000000000.0,1580000000000.0,-37619046507.61905,990.0,241841034149.65884,-1580000000000.0,3457.0,1064.6349206349207,922.0,627.8241486680754,55.0,3307.0,fixed,2.0,1.0,67581.0,Happy,139_H_fixed
139,-34497816482.03057,89.0,231409366619.20926,-1580000000000.0,2653.0,-34649122189.570175,453.5,231907166026.7066,-1580000000000.0,4685.0,568.2763157894736,362.0,912.2226947950495,3.0,11682.0,34649123258.57456,267.0,231907165866.28363,-2467.0,1580000000000.0,502.75877192982455,356.0,209736566465.59113,-1580000000000.0,1580000000000.0,-34801760980.85022,919.0,232408190048.89374,-1580000000000.0,9136.0,1139.863436123348,824.0,1311.9824099810355,58.0,12195.0,fixed,3.0,5.0,129700.0,Neutral,139_N_fixed
141,122.20574162679426,121.0,31.95596076499174,66.0,202.0,546.5480769230769,402.0,466.9172697682943,188.0,3993.0,424.1394230769231,279.0,468.28874900853094,110.0,3871.0,301.8605769230769,154.0,465.3157099603423,3.0,3728.0,424.2692307692308,289.0,464.3316058681565,86.0,3850.0,972.2415458937198,711.0,700.3992201494433,393.0,5909.0,849.7342995169082,590.0,699.579431170515,314.0,5764.0,fixed,4.0,0.0,88328.0,Neutral,141_N_fixed
142,-27882352779.58235,157.0,208645074591.8161,-1580000000000.0,742.0,-28047336920.994083,336.0,209253998435.47394,-1580000000000.0,887.0,198.90532544378698,170.0,105.84047084688298,87.0,761.0,28047337312.301777,6.0,209253998382.7129,-419.0,1580000000000.0,194.97041420118344,168.0,172392133286.434,-1580000000000.0,1580000000000.0,-18809523253.392857,511.5,171875214243.11786,-1580000000000.0,1244.0,397.9404761904762,339.0,162.10747903490858,184.0,1014.0,fixed,8.0,0.0,33772.0,Calm,142_C_fixed
142,148.3953488372093,141.0,40.914282138863115,59.0,295.0,346.72429906542055,313.5,193.19615580557235,192.0,2393.0,198.77570093457945,159.0,194.41883100177805,61.0,2242.0,50.45794392523364,14.0,199.27206873496434,-155.0,2110.0,198.40654205607476,163.0,197.6870200374138,-29.0,2261.0,545.8732394366198,478.0,263.3284373770477,301.0,2549.0,398.1267605633803,335.0,264.25469754901366,173.0,2398.0,fixed,7.0,0.0,42703.0,Neutral,142_N_fixed
144,-207474747344.90405,134.0,534985826390.3873,-1580000000000.0,411.0,-208527918306.90356,387.0,536143033836.98773,-1580000000000.0,2305.0,359.1015228426396,254.0,357.11212703180405,37.0,2188.0,208527919002.37054,160.0,536143033565.11194,-300.0,1580000000000.0,343.43147208121826,253.0,159604102039.24927,-1580000000000.0,1580000000000.0,-209591835915.92856,692.5,537307472563.7678,-1580000000000.0,3173.0,718.0255102040817,577.5,560.09172725156,74.0,3029.0,fixed,9.0,0.0,70844.0,Angry,144_A_fixed
144,122.27215189873418,111.0,54.66174487977509,63.0,451.0,411.68152866242036,340.0,218.1509133668168,180.0,1299.0,291.30573248407643,222.0,201.43137351504788,58.0,1063.0,168.96178343949043,120.0,208.24175070158356,-239.0,931.0,289.3375796178344,233.0,224.678218739947,-160.0,1177.0,703.8461538461538,608.5,279.618545553348,357.0,1646.0,583.3461538461538,487.0,263.5044874159404,257.0,1237.0,fixed,2.0,0.0,45846.0,Calm,144_C_fixed
144,119.6068376068376,106.0,43.80264463456542,63.0,345.0,416.42241379310343,318.0,304.1938498324088,164.0,2219.0,298.7586206896552,203.5,294.0663226194909,53.0,2120.0,178.91379310344828,94.0,298.9184146062344,-207.0,2014.0,296.57758620689657,198.5,308.08979918656604,-49.0,2113.0,717.0608695652174,558.0,400.4046700166808,266.0,2486.0,600.1217391304348,459.0,390.9374282015969,144.0,2380.0,fixed,1.0,0.0,34748.0,Happy,144_H_fixed
144,134.41685649202734,123.0,43.62215084079506,53.0,447.0,455.5720823798627,344.0,308.09282743961506,153.0,2406.0,321.45995423340963,212.0,302.62465984428553,37.0,2296.0,186.87871853546912,82.0,309.12208690882613,-223.0,2202.0,320.9908466819222,210.0,313.7164323334445,-101.0,2312.0,775.480459770115,640.0,423.83578297574604,255.0,2873.0,641.3977011494253,501.0,420.44967752527606,122.0,2622.0,fixed,3.0,0.0,67655.0,Neutral,144_N_fixed
144,134.41685649202734,123.0,43.62215084079506,53.0,447.0,455.5720823798627,344.0,308.09282743961506,153.0,2406.0,321.45995423340963,212.0,302.62465984428553,37.0,2296.0,186.87871853546912,82.0,309.12208690882613,-223.0,2202.0,320.9908466819222,210.0,313.7164323334445,-101.0,2312.0,775.480459770115,640.0,423.83578297574604,255.0,2873.0,641.3977011494253,501.0,420.44967752527606,122.0,2622.0,fixed,14.0,0.0,73020.0,Neutral,144_N_fixed
144,121.02739726027397,111.0,44.633518440197385,63.0,308.0,373.80689655172415,316.0,196.96521465842798,174.0,1120.0,253.99310344827586,203.0,185.36448691068858,53.0,1019.0,132.78620689655173,95.0,193.4692836016044,-180.0,866.0,252.6,210.0,205.20665058531716,-91.0,967.0,629.6666666666666,546.5,257.3426873669791,281.0,1347.0,509.68055555555554,431.0,248.32089696805193,155.0,1215.0,fixed,0.0,0.0,36924.0,Sad,144_S_fixed
147,78.19354838709677,73.5,35.92387087567597,-117.0,307.0,349.1081081081081,271.0,262.226149471234,146.0,2288.0,270.23783783783784,194.0,256.919073867704,61.0,2214.0,190.98918918918918,118.0,260.78610236521234,-147.0,2137.0,269.85945945945946,189.0,265.43178876848316,-24.0,2211.0,620.6141304347826,515.5,356.51977162396275,257.0,2591.0,541.7826086956521,431.0,350.3959610668412,210.0,2517.0,fixed,17.0,0.0,50111.0,Angry,147_A_fixed
147,86.3050193050193,81.0,31.983820005602645,29.0,300.0,348.3229571984436,281.0,219.45677068040268,143.0,1793.0,263.0933852140078,194.0,217.88713533647692,40.0,1670.0,176.51750972762645,114.0,222.04546419320152,-148.0,1612.0,261.74708171206225,197.0,222.55784501161938,-26.0,1735.0,607.7490196078431,505.0,317.9623605792013,276.0,3106.0,523.0392156862745,417.0,317.04155076703773,187.0,3014.0,fixed,1.0,0.0,26444.0,Happy,147_H_fixed
147,86.3050193050193,81.0,31.983820005602645,29.0,300.0,348.3229571984436,281.0,219.45677068040268,143.0,1793.0,263.0933852140078,194.0,217.88713533647692,40.0,1670.0,176.51750972762645,114.0,222.04546419320152,-148.0,1612.0,261.74708171206225,197.0,222.55784501161938,-26.0,1735.0,607.7490196078431,505.0,317.9623605792013,276.0,3106.0,523.0392156862745,417.0,317.04155076703773,187.0,3014.0,fixed,14.0,0.0,41274.0,Happy,147_H_fixed
147,-4759036053.061747,87.0,86648345723.00388,-1580000000000.0,354.0,-4780635036.708018,300.0,86844455122.40485,-1580000000000.0,2142.0,274.3948562783661,211.0,210.66167023650846,3.0,2081.0,4780635583.080181,125.0,86844455092.28242,-159.0,1580000000000.0,272.5506807866868,211.0,86976137444.98248,-1580000000000.0,1580000000000.0,-4802430974.0,538.5,87041902120.24698,-1580000000000.0,2819.0,547.8525835866261,447.0,318.30458571241525,30.0,2758.0,fixed,15.0,0.0,53778.0,Neutral,147_N_fixed
147,-4759036053.061747,87.0,86648345723.00388,-1580000000000.0,354.0,-4780635036.708018,300.0,86844455122.40485,-1580000000000.0,2142.0,274.3948562783661,211.0,210.66167023650846,3.0,2081.0,4780635583.080181,125.0,86844455092.28242,-159.0,1580000000000.0,272.5506807866868,211.0,86976137444.98248,-1580000000000.0,1580000000000.0,-4802430974.0,538.5,87041902120.24698,-1580000000000.0,2819.0,547.8525835866261,447.0,318.30458571241525,30.0,2758.0,fixed,2.0,0.0,62358.0,Neutral,147_N_fixed
147,-4759036053.061747,87.0,86648345723.00388,-1580000000000.0,354.0,-4780635036.708018,300.0,86844455122.40485,-1580000000000.0,2142.0,274.3948562783661,211.0,210.66167023650846,3.0,2081.0,4780635583.080181,125.0,86844455092.28242,-159.0,1580000000000.0,272.5506807866868,211.0,86976137444.98248,-1580000000000.0,1580000000000.0,-4802430974.0,538.5,87041902120.24698,-1580000000000.0,2819.0,547.8525835866261,447.0,318.30458571241525,30.0,2758.0,fixed,7.0,0.0,65513.0,Neutral,147_N_fixed
148,96.02941176470588,92.5,27.830222747481592,28.0,295.0,332.3990147783251,275.0,269.46862525909114,48.0,2786.0,236.38916256157634,176.0,265.37455555017635,4.0,2653.0,140.43349753694582,82.0,261.3517777702063,-86.0,2552.0,236.44334975369458,186.0,265.3408054973658,-42.0,2685.0,568.549504950495,446.0,414.7241485947188,265.0,4258.0,472.3960396039604,357.5,412.74880219763276,171.0,4193.0,fixed,24.0,0.0,48098.0,Calm,148_C_fixed
148,93.25563909774436,91.0,25.48459253345117,29.0,241.0,359.6439393939394,262.0,455.2447732272991,130.0,4648.0,266.3636363636364,172.0,454.76322625079825,50.0,4599.0,173.0,90.0,453.44545275694867,-61.0,4489.0,266.280303030303,177.5,453.807409707302,30.0,4538.0,623.8778625954199,455.0,631.1671608755513,230.0,4855.0,530.6030534351145,346.0,631.0866048014611,170.0,4760.0,fixed,10.0,0.0,35239.0,Happy,148_H_fixed
148,89.98275862068965,91.0,20.479525308444845,32.0,155.0,296.8008658008658,250.0,179.13374697023164,39.0,1190.0,206.93073593073592,157.0,179.9290547600564,2.0,1130.0,116.98701298701299,71.0,178.01964914800297,-123.0,996.0,206.85714285714286,170.0,177.39911138587166,-91.0,1056.0,504.3304347826087,426.0,240.95359033252296,232.0,1381.0,414.44347826086954,328.5,242.75155561198986,144.0,1281.0,fixed,13.0,0.0,47900.0,Neutral,148_N_fixed
150,108.32934131736526,104.0,49.62600405512403,-138.0,347.0,397.7048192771084,338.0,177.55874036403873,165.0,1022.0,288.9156626506024,238.0,167.2209356777798,84.0,902.0,179.1024096385542,130.5,170.50103099370403,-218.0,792.0,287.89156626506025,226.0,177.9644848497446,-25.0,922.0,686.5818181818182,617.0,239.1996837201003,309.0,1395.0,577.7333333333333,495.0,230.57031976757887,245.0,1321.0,fixed,8.0,0.0,48098.0,Angry,150_A_fixed
150,-20789473579.311405,98.0,180438256194.12234,-1580000000000.0,450.0,-20881056869.330395,339.0,180831704288.28983,-1580000000000.0,1774.0,302.52863436123346,242.0,217.2864078261751,7.0,1683.0,20881057464.22467,139.0,180831704219.29214,-162.0,1580000000000.0,294.2378854625551,235.0,148633897204.60837,-1580000000000.0,1580000000000.0,-20973450636.230087,625.0,181227736989.93054,-1580000000000.0,2017.0,602.8407079646017,519.0,298.0198074363269,31.0,1897.0,fixed,11.0,0.0,68788.0,Neutral,150_N_fixed
150,117.85889570552148,111.0,45.55973927951576,30.0,317.0,527.6358024691358,454.5,336.8442468864983,163.0,3092.0,410.72222222222223,331.5,334.9837161148461,102.0,2961.0,292.7345679012346,211.0,338.22225764698646,-136.0,2814.0,409.64814814814815,333.0,338.7400929719,-18.0,2945.0,933.0869565217391,799.0,466.1966912058733,423.0,3459.0,816.0621118012423,690.0,459.3181453176136,333.0,3185.0,fixed,12.0,0.0,66634.0,Sad,150_S_fixed
155,76.93037974683544,69.0,43.184114366429185,-106.0,346.0,337.28662420382165,273.0,203.9271190500267,170.0,1239.0,260.71974522292993,192.0,194.75914890445057,107.0,1158.0,182.62420382165604,120.0,199.59190460732293,-107.0,1082.0,259.1910828025478,186.0,208.43790607565757,-83.0,1163.0,598.4102564102565,493.5,293.8654700279917,310.0,1895.0,521.8525641025641,417.0,286.7828402768442,257.0,1841.0,fixed,3.0,0.0,41039.0,Angry,155_A_fixed
155,99.96059113300493,93.0,51.72048279205144,28.0,411.0,398.5990099009901,329.5,243.61231046472196,172.0,1980.0,300.0940594059406,229.0,239.5479284282897,62.0,1869.0,200.05940594059405,141.0,246.65486680592446,-134.0,1795.0,298.56435643564356,242.5,249.13615593858003,-18.0,1906.0,698.1144278606965,591.0,354.6886970863268,315.0,2328.0,599.6517412935324,483.0,350.8480555873905,236.0,2220.0,fixed,1.0,0.0,60704.0,Neutral,155_N_fixed
155,108.22302158273381,102.0,40.52679256296455,19.0,261.0,455.8985507246377,400.0,211.81296975980536,165.0,1599.0,347.28985507246375,286.0,207.1300660838287,68.0,1472.0,239.2463768115942,189.5,211.112894404527,-86.0,1316.0,347.8550724637681,296.0,214.56360568952758,-8.0,1443.0,798.9124087591241,727.0,291.3352746774085,355.0,1927.0,690.014598540146,627.0,288.30317440768994,297.0,1829.0,fixed,0.0,0.0,48059.0,Sad,155_S_fixed
161,85.77403846153847,75.0,41.351000186963816,37.0,372.0,356.8164251207729,289.0,245.2224769959952,148.0,2352.0,272.42512077294685,208.0,244.36520287387918,35.0,2267.0,186.768115942029,125.0,251.4380472399337,-138.0,2210.0,271.15942028985506,219.0,251.37696269630518,-35.0,2295.0,628.5728155339806,527.0,348.8340887890722,300.0,2657.0,544.3155339805825,449.0,345.7316348951516,242.0,2532.0,fixed,2.0,0.0,56502.0,Neutral,161_N_fixed
164,102.68695652173913,79.0,65.56680873218288,37.0,499.0,996.9736842105264,569.5,2292.8400577176776,248.0,23825.0,894.7017543859649,493.0,2287.709195153487,167.0,23705.0,792.2543859649123,391.5,2290.153721359872,-185.0,23613.0,894.5263157894736,495.0,2295.0034345917825,-5.0,23733.0,1894.486725663717,1198.0,3192.251917632095,566.0,24242.0,1792.3893805309735,1077.0,3182.719851102278,500.0,24122.0,fixed,0.0,0.0,102126.0,Happy,164_H_fixed
164,95.60444444444444,85.0,53.47061090130475,2.0,502.0,1400.0580357142858,527.0,5962.225769514401,24.0,75870.0,1304.642857142857,413.5,5966.187345481513,4.0,75862.0,1208.9330357142858,286.5,5962.922841704686,-118.0,75678.0,1304.3482142857142,412.0,5958.933939794171,-5.0,75686.0,2712.358744394619,1090.0,8353.884988030733,70.0,76376.0,2616.8206278026905,984.0,8358.329068871157,55.0,76368.0,fixed,10.0,0.0,292312.0,Neutral,164_N_fixed
167,100.71223021582733,100.0,25.594452695031606,44.0,184.0,343.0072463768116,264.0,227.6678492500494,104.0,1440.0,242.34057971014494,174.0,223.06087337715297,35.0,1324.0,141.7391304347826,78.5,218.15086537410735,-96.0,1236.0,242.40579710144928,172.0,222.60260941411525,-16.0,1352.0,576.6350364963504,463.0,319.8398927568477,248.0,2044.0,476.05839416058393,353.0,314.182336681578,136.0,1860.0,fixed,13.0,0.0,33559.0,Happy,167_H_fixed
167,89.89830508474576,88.0,21.217831566587503,50.0,131.0,271.3448275862069,243.0,148.36956605271683,115.0,1112.0,181.94827586206895,156.5,152.11819301483305,26.0,1028.0,92.03448275862068,67.0,151.11851576700482,-61.0,948.0,181.43103448275863,156.0,147.0110524630019,28.0,1032.0,456.1929824561403,419.0,220.46828720739046,210.0,1375.0,366.3333333333333,320.0,224.5797132847213,152.0,1291.0,fixed,19.0,0.0,98239.0,Neutral,167_N_fixed
168,79.8730964467005,67.0,38.95168562876689,31.0,308.0,355.5357142857143,295.0,238.00171029335925,146.0,2098.0,276.8265306122449,211.0,237.49550173382045,17.0,2000.0,197.12244897959184,136.0,243.01411862777292,-116.0,1901.0,275.8316326530612,212.5,242.05044445509793,11.0,1999.0,633.5692307692308,532.0,348.14495007808046,295.0,2624.0,555.1076923076923,464.0,348.36431293712104,234.0,2539.0,fixed,0.0,0.0,54371.0,Neutral,168_N_fixed
170,80.4746835443038,75.5,21.5751388440783,40.0,157.0,705.203821656051,442.0,762.4724437126883,102.0,5671.0,624.8089171974523,375.0,762.3773977411978,10.0,5564.0,544.2165605095541,284.0,759.6149355014105,-50.0,5460.0,624.6114649681529,361.0,759.73362951526,42.0,5567.0,1333.929487179487,920.5,1015.932320022762,321.0,6018.0,1253.4038461538462,841.5,1015.3759118216724,229.0,5911.0,fixed,2.0,0.0,98157.0,Calm,170_C_fixed
170,76.96618357487922,72.0,19.92836239125545,19.0,149.0,675.8640776699029,400.0,749.8192178677334,28.0,6354.0,599.0242718446602,322.0,751.0863705282965,9.0,6267.0,522.0,240.0,749.3578389072254,-45.0,6173.0,598.8398058252427,316.5,748.0950041192998,-26.0,6260.0,1278.580487804878,884.0,984.8763282617513,279.0,6857.0,1201.8634146341462,798.0,986.4343944664147,260.0,6791.0,fixed,7.0,0.0,123464.0,Neutral,170_N_fixed
171,-209999999886.42404,119.0,538082228032.5181,-1580000000000.0,347.0,-211337579147.26114,366.0,539540516405.3917,-1580000000000.0,7588.0,400.68152866242036,242.0,700.1958337623562,29.0,7479.0,211337579894.19107,151.0,539540516110.94446,-227.0,1580000000000.0,356.35668789808915,243.0,309863493518.33075,-1580000000000.0,1580000000000.0,-212692306911.70514,678.0,541010221610.9679,-1580000000000.0,7705.0,805.3012820512821,553.5,993.8177571617239,58.0,7697.0,fixed,5.0,6.0,63056.0,Happy,171_H_fixed
171,-124736841988.22368,111.0,426994847832.7327,-1580000000000.0,756.0,-125286343047.13216,344.0,427857682585.9847,-1580000000000.0,10997.0,895.3744493392071,225.0,6737.039987471922,28.0,100576.0,125286344386.18942,133.0,427857682192.1438,-421.0,1580000000000.0,448.29074889867843,228.0,148633897204.6084,-1580000000000.0,1580000000000.0,-125840706950.45132,638.0,428725710413.6063,-1580000000000.0,11448.0,1796.4778761061948,524.0,9521.003334240539,58.0,101065.0,fixed,22.0,0.0,203345.0,Neutral,171_N_fixed
174,88.24683544303798,83.5,47.517303145296964,-130.0,458.0,349.88535031847135,286.0,191.93137689772678,134.0,1324.0,262.3375796178344,200.0,181.6887855555986,79.0,1191.0,172.70063694267515,122.0,183.21374182058344,-102.0,1143.0,260.2484076433121,203.0,192.42096799395384,-18.0,1276.0,612.2692307692307,513.5,276.42333933844543,255.0,1543.0,524.6794871794872,422.5,265.0842833023657,218.0,1453.0,fixed,3.0,0.0,41317.0,Angry,174_A_fixed
174,-14107142769.485119,80.0,148738682457.7894,-1580000000000.0,384.0,-9446935236.327354,313.0,121898009864.6977,-1580000000000.0,33215.0,402.6188340807175,217.0,1471.1351994815866,8.0,33128.0,14170403900.67115,136.0,149069291086.35495,-125.0,1580000000000.0,4723468262.995516,224.0,86324428435.09396,-54.0,1580000000000.0,-4744743855.040541,610.0,86518341853.25623,-1580000000000.0,51079.0,803.509009009009,512.5,2484.2176960912375,58.0,51008.0,fixed,12.0,0.0,75813.0,Neutral,174_N_fixed
174,-14107142769.485119,80.0,148738682457.7894,-1580000000000.0,384.0,-9446935236.327354,313.0,121898009864.6977,-1580000000000.0,33215.0,402.6188340807175,217.0,1471.1351994815866,8.0,33128.0,14170403900.67115,136.0,149069291086.35495,-125.0,1580000000000.0,4723468262.995516,224.0,86324428435.09396,-54.0,1580000000000.0,-4744743855.040541,610.0,86518341853.25623,-1580000000000.0,51079.0,803.509009009009,512.5,2484.2176960912375,58.0,51008.0,fixed,1.0,0.0,127228.0,Neutral,174_N_fixed
174,-14107142769.485119,80.0,148738682457.7894,-1580000000000.0,384.0,-9446935236.327354,313.0,121898009864.6977,-1580000000000.0,33215.0,402.6188340807175,217.0,1471.1351994815866,8.0,33128.0,14170403900.67115,136.0,149069291086.35495,-125.0,1580000000000.0,4723468262.995516,224.0,86324428435.09396,-54.0,1580000000000.0,-4744743855.040541,610.0,86518341853.25623,-1580000000000.0,51079.0,803.509009009009,512.5,2484.2176960912375,58.0,51008.0,fixed,5.0,0.0,66540.0,Neutral,174_N_fixed
181,-3717646969.8188233,83.0,76641257515.80878,-1580000000000.0,382.0,-3735223883.7328606,331.0,76822228889.79839,-1580000000000.0,120893.0,615.5886524822695,248.0,5868.529414122474,6.0,120840.0,3735225111.699764,160.0,76822228829.95113,-243.0,1580000000000.0,612.0851063829788,248.0,108771685749.7994,-1580000000000.0,1580000000000.0,-3752967802.368171,614.0,77004488319.342,-1580000000000.0,121106.0,1232.933491686461,515.0,8293.808000714085,238.0,121030.0,fixed,7.0,0.0,81089.0,Neutral,181_N_fixed
181,-3717646969.8188233,83.0,76641257515.80878,-1580000000000.0,382.0,-3735223883.7328606,331.0,76822228889.79839,-1580000000000.0,120893.0,615.5886524822695,248.0,5868.529414122474,6.0,120840.0,3735225111.699764,160.0,76822228829.95113,-243.0,1580000000000.0,612.0851063829788,248.0,108771685749.7994,-1580000000000.0,1580000000000.0,-3752967802.368171,614.0,77004488319.342,-1580000000000.0,121106.0,1232.933491686461,515.0,8293.808000714085,238.0,121030.0,fixed,5.0,0.0,179431.0,Neutral,181_N_fixed
193,139.40552995391704,126.0,108.3968684067448,46.0,1607.0,364.7916666666667,294.5,215.6852317291254,162.0,1570.0,232.18055555555554,160.0,211.3979159688406,19.0,1442.0,92.63888888888889,33.0,196.60180312562767,-221.0,1055.0,225.25,169.0,201.6842627982291,-68.0,1221.0,592.0325581395349,519.0,266.0457480519271,237.0,1646.0,459.4,388.0,257.4335192286154,113.0,1512.0,fixed,7.0,0.0,50261.0,Neutral,193_N_fixed
19,-119742424082.48485,159.0,421447276084.54047,-1580600000000.0,377.0,-97267692084.32307,191.0,382798498416.9688,-1580600000000.0,500.0,65.87692307692308,43.0,63.881361643163295,4.0,245.0,121584615285.70769,-85.0,424459188743.7972,-340.0,1580600000000.0,24316923133.215385,48.0,441110928353.17993,-1580600000000.0,1580600000000.0,-98787499715.20312,265.5,385626913899.7284,-1580600000000.0,638.0,131.984375,136.0,75.69141449447619,22.0,372.0,free,0.0,0.0,0.0,Happy,19_H_free
19,143.40314136125656,143.0,27.063080125318052,58.0,218.0,496.4789473684211,354.5,513.1563775384751,233.0,4436.0,353.2421052631579,215.0,513.355982097543,85.0,4351.0,209.67368421052632,80.5,512.4844030065491,-95.0,4267.0,352.91052631578947,218.0,511.9113652971151,75.0,4352.0,849.6931216931217,600.0,759.6757854123026,362.0,5727.0,706.6296296296297,448.0,760.0077689765079,192.0,5642.0,free,9.0,0.0,0.0,Neutral,19_N_free
25,-1198066896531.776,-1579270000000.0,681703175500.8624,-1579270000000.0,324.0,-1219085613889.07,-1579270000000.0,668533167919.7859,-1579270000000.0,2225.0,168.24561403508773,34.0,366.98517295378537,31.0,2156.0,1219085614148.2632,1579270000000.0,668533167438.7013,-92.0,1579270000000.0,125.98245614035088,0.0,298453976644.6411,-1579270000000.0,1579270000000.0,-1240854999726.2856,-1579270000000.0,653879902070.4261,-1579270000000.0,2518.0,337.75,68.0,579.4402079123045,64.0,2449.0,free,0.0,0.0,0.0,Happy,25_H_free
25,-710671499947.4625,58.0,790633906203.0526,-1579270000000.0,438.0,-719667341314.6456,211.0,791554854944.819,-1579270000000.0,13005.0,444.11392405063293,148.0,1577.0635077154427,31.0,12914.0,719667342135.3925,1550.0,791554854189.0441,-143.0,1579270000000.0,407.0506329113924,143.0,357634230342.70715,-1579270000000.0,1579270000000.0,-728893845289.2307,312.0,792391152291.9983,-1579270000000.0,13254.0,890.6666666666666,299.5,2233.2583013822295,64.0,13185.0,free,38.0,0.0,0.0,Neutral,25_N_free
29,92.8953488372093,86.5,42.69284533229967,34.0,312.0,326.6608187134503,264.0,185.64070812895505,159.0,1528.0,235.046783625731,175.0,182.1652066238225,50.0,1450.0,142.15204678362574,91.0,188.1831093061728,-122.0,1407.0,233.76608187134502,181.0,190.80502279852644,-36.0,1485.0,561.7705882352941,488.5,257.0406922512945,255.0,1912.0,470.2529411764706,393.0,252.1017231941348,201.0,1834.0,free,7.0,0.0,0.0,Angry,29_A_free
29,107.16483516483517,88.0,76.80541990948639,36.0,535.0,437.3333333333333,348.0,288.97085891724583,186.0,2096.0,334.9222222222222,247.0,272.7570523615911,110.0,2046.0,227.33333333333334,150.5,287.3024088957545,-147.0,1946.0,329.74444444444447,248.5,302.7170429871043,-88.0,1996.0,771.6516853932584,651.0,394.09297764047545,340.0,2501.0,669.0786516853933,549.0,381.10327950925176,259.0,2423.0,free,5.0,0.0,0.0,Neutral,29_N_free
31,84.76744186046511,72.0,34.54936923778323,32.0,160.0,381.8333333333333,316.0,295.66476704461206,193.0,2082.0,296.3095238095238,217.5,294.93508902189495,93.0,1960.0,210.52380952380952,137.0,292.4192811779787,-11.0,1815.0,296.04761904761904,241.0,293.5370465156309,65.0,1937.0,677.3658536585366,588.0,399.28647335575755,347.0,2258.0,591.1463414634146,500.0,402.72016096637185,289.0,2175.0,free,1.0,0.0,0.0,Happy,31_H_free
31,80.67045454545455,68.5,34.911619641573644,32.0,171.0,3238.7586206896553,352.0,22313.59509407782,153.0,208097.0,3157.885057471264,262.0,22307.148999255973,74.0,207952.0,3076.9080459770116,192.0,22309.381861925576,9.0,207898.0,3157.7816091954023,274.0,22315.8324485186,56.0,208043.0,6375.593023255814,662.0,32543.430791835843,328.0,222317.0,6294.627906976744,604.0,32541.371107469266,281.0,222266.0,free,4.0,1.0,0.0,Neutral,31_N_free
35,96.80392156862744,94.0,47.78075746902435,37.0,358.0,471.1,314.5,491.97653212654893,193.0,3344.0,379.52,230.5,482.1721362538401,117.0,3154.0,283.24,114.5,485.9920449504313,-109.0,3055.0,374.82,223.0,495.7739647073378,-58.0,3245.0,858.4897959183673,549.0,700.642892945739,334.0,3962.0,766.0816326530612,445.0,690.2698396501271,250.0,3772.0,free,2.0,0.0,0.0,Neutral,35_N_free
35,95.65420560747664,91.0,28.498958207949617,30.0,220.0,414.188679245283,360.5,198.6450825542905,235.0,1372.0,318.50943396226415,263.5,194.06872838951713,132.0,1279.0,223.33962264150944,172.0,191.20962751176936,-38.0,1134.0,319.0188679245283,268.5,196.16057470649494,45.0,1227.0,724.0095238095238,653.0,289.53113607102557,446.0,2166.0,628.2,556.0,284.5982120599008,362.0,2006.0,free,0.0,0.0,0.0,Sad,35_S_free
40,-1085706874976.8281,-1579210000000.0,737769946125.6696,-1579210000000.0,119.0,-1077873491910.0952,-1579210000000.0,741008162081.9128,-1579210000000.0,3202.0,164.3015873015873,40.0,421.934776908922,38.0,3142.0,1102940317567.2698,1579210000000.0,730595351365.9854,-60.0,1579210000000.0,25066825525.73016,0.0,198961758457.1315,-19.0,1579210000000.0,-1069787419068.1774,-1579210000000.0,744249868234.7473,-1579210000000.0,4294.0,324.2096774193548,80.0,684.4831036987506,78.0,4234.0,free,1.0,0.0,0.0,Calm,40_C_free
40,76.97872340425532,70.0,32.67194605780991,40.0,201.0,982.5652173913044,354.0,2253.4868651065462,140.0,14785.0,908.2826086956521,265.0,2257.2133031982744,71.0,14735.0,831.5869565217391,200.0,2262.2439457424366,-64.0,14675.0,905.8695652173913,284.5,2258.4817083724943,-4.0,14725.0,1925.5555555555557,761.0,3093.626068632932,292.0,14967.0,1850.5111111111112,711.0,3098.7168064320826,211.0,14918.0,free,10.0,0.0,0.0,Neutral,40_N_free
41,97.59859154929578,91.0,46.612642466593854,20.0,407.0,409.21985815602835,348.0,205.9333141785252,159.0,1424.0,313.0354609929078,249.0,203.73787120245322,98.0,1343.0,215.68085106382978,164.0,208.3172484165484,-119.0,1210.0,311.86524822695037,262.0,209.79167285184045,-30.0,1291.0,721.5,671.0,271.81109870881835,324.0,1666.0,625.25,562.0,269.08235012924786,238.0,1585.0,free,1.0,0.0,0.0,Calm,41_C_free
41,-286776724063.7155,65.5,612598782324.2517,-1584100000000.0,497.0,-275495651852.26086,289.0,603056563698.101,-1584100000000.0,2027.0,268.67826086956524,230.0,266.5899850656431,17.0,1959.0,289270434965.6174,192.0,614688123654.8341,-244.0,1584100000000.0,13774782854.530436,216.0,256602255464.6932,-1584100000000.0,1584100000000.0,-264016666105.8421,557.0,592965669230.3319,-1584100000000.0,2285.0,531.4561403508771,485.0,404.1641027517323,41.0,2217.0,free,8.0,0.0,0.0,Neutral,41_N_free
41,-212988235208.2269,84.0,542683620005.9294,-1584100000000.0,469.0,-201368643731.8644,329.0,529923161096.2276,-1584100000000.0,1489.0,269.4830508474576,234.5,205.63858151134335,4.0,1203.0,214793220512.23727,190.5,544638999907.70026,-158.0,1584100000000.0,13424576520.805084,244.5,253300479616.26285,-1584100000000.0,1584100000000.0,-189550426766.56412,588.0,516348950760.5447,-1584100000000.0,1514.0,536.0512820512821,501.0,298.64088242875414,27.0,1647.0,free,2.0,0.0,0.0,Sad,41_S_free
44,-361481949075.85596,79.0,666459099948.5422,-1579810000000.0,361.0,-364571538134.71796,276.0,668476385365.5669,-1579810000000.0,4758.0,314.97435897435895,200.0,664.5354153861081,2.0,5365.0,364571538687.46155,186.0,668476385061.5148,-226.0,1579810000000.0,248.17948717948718,185.0,293363352205.4883,-1579810000000.0,1579810000000.0,-367714395972.6983,494.0,670507792270.9954,-1579810000000.0,5013.0,630.4224137931035,436.5,959.7464715122476,26.0,5806.0,free,0.0,0.0,0.0,Neutral,44_N_free
44,113.6029411764706,109.0,43.5355883606382,43.0,359.0,520.7313432835821,408.0,406.4823445451919,125.0,2508.0,410.7910447761194,295.0,403.0298709627934,65.0,2369.0,296.8955223880597,193.0,399.1548318987659,-112.0,2196.0,406.8358208955224,308.0,401.9843053251271,37.0,2335.0,935.7575757575758,785.5,589.5947515841463,408.0,3529.0,826.4090909090909,658.0,587.4072883252492,253.0,3390.0,free,8.0,0.0,0.0,Sad,44_S_free
47,-96969183599.2449,75.0,381662243428.9656,-1583830000000.0,192.0,-97968865706.3299,228.0,383515925415.81726,-1583830000000.0,991.0,212.03092783505156,158.0,173.72712401015124,2.0,879.0,97968866112.12372,95.0,383515925311.0777,-108.0,1583830000000.0,196.2680412371134,159.0,323297944942.6901,-1583830000000.0,1583830000000.0,-98989374528.67708,386.0,385396730266.6373,-1583830000000.0,1441.0,426.59375,316.0,265.4371797272924,66.0,1361.0,free,12.0,0.0,0.0,Angry,47_A_free
47,-68121720354.752686,75.0,321906924615.24756,-1583830000000.0,390.0,-68366762323.59712,225.5,322461391536.7316,-1583830000000.0,1521.0,201.29136690647482,159.0,164.02847555112686,4.0,1425.0,68366762709.557556,83.0,322461391454.6067,-239.0,1583830000000.0,187.52158273381295,157.0,269161954864.66953,-1583830000000.0,1583830000000.0,-68613573553.16245,400.0,323018725626.1621,-1583830000000.0,2358.0,401.51624548736464,328.0,237.5832209412295,72.0,2210.0,free,19.0,0.0,0.0,Neutral,47_N_free
48,85.44827586206897,71.5,147.86535266498578,3.0,1615.0,393.46086956521737,270.0,409.5057201784688,7.0,2186.0,307.69565217391306,173.0,381.1391552736152,4.0,2181.0,221.98260869565217,103.0,355.4352158654873,-53.0,2073.0,307.74782608695654,185.0,387.4171070020839,4.0,2078.0,700.7719298245614,488.5,582.935841505124,12.0,2983.0,614.9561403508771,398.5,548.8983559266266,8.0,2359.0,free,4.0,0.0,0.0,Angry,48_A_free
48,87.75308641975309,80.0,45.677273031617574,25.0,422.0,412.7125,290.0,357.32866811517096,148.0,2523.0,324.7125,203.5,348.1923007804521,72.0,2424.0,236.95,122.0,349.85446883967137,-126.0,2298.0,324.95,206.5,358.8725277020247,-13.0,2397.0,742.8354430379746,559.0,503.18868944882325,295.0,2890.0,654.2151898734177,472.0,494.30525373383773,216.0,2791.0,free,1.0,0.0,0.0,Neutral,48_N_free
48,108.80864197530865,104.5,27.88297059274695,56.0,213.0,429.6832298136646,391.0,187.99243410175603,181.0,1422.0,320.7391304347826,285.0,185.43491182012932,64.0,1299.0,212.14285714285714,179.0,183.77744207134265,-55.0,1142.0,321.0869565217391,289.0,185.37699396447323,92.0,1265.0,752.0125,667.0,274.66301794685245,451.0,2026.0,643.00625,564.5,271.1195864362645,303.0,1903.0,free,2.0,0.0,0.0,Sad,48_S_free
49,-920912086914.0348,-1580670000000.0,782884842960.7667,-1580670000000.0,573.0,-928990262949.0702,-1580670000000.0,781512437066.478,-1580670000000.0,5889.0,217.03508771929825,31.0,567.6732191267342,27.0,5316.0,928990263302.3948,1580670000000.0,781512436642.7614,-206.0,1580670000000.0,168.44736842105263,0.0,364231593802.4786,-1580670000000.0,1580670000000.0,-937211415581.646,-1580670000000.0,780026388285.2524,-1580670000000.0,6163.0,436.4778761061947,62.0,860.9265471545463,56.0,5683.0,free,53.0,0.0,0.0,Calm,49_C_free
49,-696074862329.1078,65.0,785595279528.2307,-1580670000000.0,190.0,-697675034206.2805,206.0,785788138476.4308,-1580670000000.0,6316.0,274.0252873563218,117.0,714.5645006760109,26.0,9011.0,697675034682.2207,685.0,785788138052.8856,-47.0,1580670000000.0,221.27586206896552,121.0,239936514688.04233,-1580670000000.0,1580670000000.0,-699282580149.7926,385.5,785978552666.1917,-1580670000000.0,6596.0,548.6451612903226,303.0,1034.006751215155,57.0,9523.0,free,115.0,27.0,0.0,Neutral,49_N_free
52,71.51020408163265,72.5,18.815021909167623,34.0,127.0,414.6082474226804,258.0,424.5873378131658,146.0,3364.0,343.21649484536084,185.0,426.40557343733116,87.0,3320.0,271.8659793814433,115.0,426.82775187192476,34.0,3263.0,343.25773195876286,189.0,425.0012568204583,73.0,3307.0,762.3854166666666,555.0,580.8272932870777,245.0,3754.0,690.75,480.5,582.7128208465533,209.0,3680.0,free,15.0,0.0,0.0,Calm,52_C_free
52,66.85915492957747,65.0,17.256344932097953,15.0,114.0,296.16312056737587,240.0,251.98607172714563,26.0,2829.0,229.26241134751774,174.0,252.51177187240972,11.0,2772.0,162.4113475177305,105.0,252.97622900530126,-26.0,2718.0,229.31205673758865,173.0,252.3452038875027,-11.0,2775.0,525.9571428571429,430.0,352.09933342182654,202.0,3034.0,459.15,365.5,351.9537029110586,137.0,2975.0,free,9.0,0.0,0.0,Neutral,52_N_free
53,95.74074074074075,90.0,21.67181038765996,58.0,157.0,662.7169811320755,318.0,970.7473801418419,169.0,6724.0,568.1320754716982,217.0,967.9103390956737,101.0,6601.0,472.9811320754717,130.0,971.311434856663,-11.0,6527.0,567.566037735849,226.0,974.0397738963619,70.0,6650.0,1238.75,772.0,1450.0636615504227,321.0,7691.0,1143.8846153846155,678.0,1446.9702173696428,257.0,7568.0,free,12.0,0.0,0.0,Calm,53_C_free
53,100.71428571428571,85.0,54.751243833347765,58.0,409.0,700.8909090909091,317.0,1121.3888160525219,184.0,7470.0,601.6181818181818,227.0,1107.1688701687322,104.0,7380.0,500.7090909090909,126.0,1108.3220161949737,-154.0,7247.0,599.9818181818182,211.0,1122.3417399102561,-21.0,7337.0,1317.962962962963,766.5,1534.4041553026123,366.0,8014.0,1218.6296296296296,695.0,1507.4166117466239,278.0,7721.0,free,9.0,0.0,0.0,Neutral,53_N_free
55,93.17647058823529,77.0,54.734890474852676,44.0,326.0,516.94,286.5,779.2073788046885,162.0,3915.0,427.84,218.5,771.2765818526359,52.0,3838.0,334.4,149.0,774.4845817360982,-104.0,3744.0,423.5,213.0,782.1590800665887,-29.0,3821.0,955.4285714285714,552.0,1074.353545936656,347.0,4597.0,866.469387755102,466.0,1052.1802780821517,274.0,4271.0,free,1.0,0.0,0.0,Calm,55_C_free
55,92.92941176470588,77.0,55.619195948729725,29.0,365.0,479.6309523809524,297.5,711.3785832234211,162.0,5059.0,389.5833333333333,224.5,710.4257201250957,50.0,4991.0,296.67857142857144,139.0,716.2341806022629,-91.0,4897.0,386.7261904761905,218.0,717.192020315752,-17.0,4965.0,874.722891566265,560.0,1021.6254302998915,267.0,6130.0,784.566265060241,459.0,1011.75221338384,154.0,5814.0,free,10.0,0.0,0.0,Neutral,55_N_free
56,12.892307692307693,10.0,11.650004126773782,4.0,65.0,452.59375,308.0,482.8100523259475,11.0,2691.0,439.65625,283.5,480.78620198983407,6.0,2673.0,426.65625,275.5,481.9501462313098,2.0,2664.0,439.59375,294.0,483.982805635483,7.0,2682.0,886.2380952380952,632.0,585.2190026870205,193.0,2898.0,873.2063492063492,615.0,583.6755384223205,179.0,2880.0,free,0.0,0.0,0.0,Calm,56_C_free
56,65.59322033898304,64.0,54.71624351205676,6.0,305.0,533.2672413793103,321.5,842.052155337688,20.0,7667.0,469.3448275862069,248.0,842.2769461246181,11.0,7654.0,403.62068965517244,200.5,849.4926430080121,-166.0,7639.0,467.5431034482759,267.5,847.5267382442755,-137.0,7652.0,1007.578947368421,618.5,1250.7441317442538,218.0,8793.0,943.0964912280701,572.5,1254.108920826781,210.0,8780.0,free,2.0,0.0,0.0,Neutral,56_N_free
56,65.59322033898304,64.0,54.71624351205676,6.0,305.0,533.2672413793103,321.5,842.052155337688,20.0,7667.0,469.3448275862069,248.0,842.2769461246181,11.0,7654.0,403.62068965517244,200.5,849.4926430080121,-166.0,7639.0,467.5431034482759,267.5,847.5267382442755,-137.0,7652.0,1007.578947368421,618.5,1250.7441317442538,218.0,8793.0,943.0964912280701,572.5,1254.108920826781,210.0,8780.0,free,2.0,0.0,0.0,Neutral,56_N_free
56,-123116580246.0829,64.0,425215371471.36774,-1584100000000.0,422.0,-116112041516.21466,310.0,413942254799.74817,-1584100000000.0,2507.0,310.5811518324607,239.0,295.3229854720759,10.0,2501.0,124405759401.78534,208.0,427258855916.8665,-166.0,1584100000000.0,8293717580.743456,244.0,198878174181.55582,-1584100000000.0,1584100000000.0,-108959258596.13757,606.0,401976604614.6087,-1584100000000.0,2739.0,613.7248677248677,565.0,398.1426137966898,45.0,2733.0,free,1.0,0.0,0.0,Sad,56_S_free
56,-123116580246.0829,64.0,425215371471.36774,-1584100000000.0,422.0,-116112041516.21466,310.0,413942254799.74817,-1584100000000.0,2507.0,310.5811518324607,239.0,295.3229854720759,10.0,2501.0,124405759401.78534,208.0,427258855916.8665,-166.0,1584100000000.0,8293717580.743456,244.0,198878174181.55582,-1584100000000.0,1584100000000.0,-108959258596.13757,606.0,401976604614.6087,-1584100000000.0,2739.0,613.7248677248677,565.0,398.1426137966898,45.0,2733.0,free,2.0,0.0,0.0,Sad,56_S_free
58,-435616551651.86206,78.0,711943608911.2103,-1579110000000.0,185.0,-443258946856.0351,279.0,715867856389.1682,-1579110000000.0,5426.0,461.63157894736844,193.0,866.131622123396,32.0,5352.0,443258947739.8421,442.0,715867855832.1509,-19.0,1579110000000.0,440.3157894736842,190.0,298423739486.80035,-1579110000000.0,1579110000000.0,-451174284755.3036,631.5,719825144184.7181,-1579110000000.0,6006.0,932.7857142857143,527.5,1255.8035850226915,65.0,5932.0,free,7.0,0.0,0.0,Angry,58_A_free
58,103.84210526315789,101.0,36.19085789931929,45.0,224.0,564.5,331.0,602.990366273112,195.0,3742.0,460.10714285714283,217.5,610.896738144283,82.0,3682.0,355.9642857142857,124.0,605.3846850417649,-61.0,3532.0,460.35714285714283,244.5,597.2243199265149,61.0,3592.0,1034.5454545454545,787.0,885.0039509889169,306.0,4780.0,930.6909090909091,675.0,893.063638243581,210.0,4734.0,free,3.0,0.0,0.0,Calm,58_C_free
58,104.64444444444445,99.0,40.588934651720244,36.0,182.0,1684.5681818181818,342.5,5394.580469054437,234.0,35183.0,1580.8181818181818,271.0,5393.676069951616,132.0,35094.0,1476.5681818181818,171.0,5397.9388719223725,-34.0,35000.0,1580.3181818181818,237.0,5398.736384337422,74.0,35089.0,3231.4883720930234,939.0,7532.741872184179,427.0,35363.0,3126.5116279069766,770.0,7533.476783417477,317.0,35288.0,free,15.0,0.0,0.0,Happy,58_H_free
58,-254683870878.26883,90.0,583916401979.3314,-1579040000000.0,206.0,-257452173026.59784,300.0,586502022663.6401,-1579040000000.0,39378.0,832.4673913043479,192.5,4114.783106059663,4.0,39196.0,257452174640.73914,148.0,586502021947.3068,-100.0,1579040000000.0,792.1739130434783,201.5,405460041656.6592,-1579040000000.0,1579040000000.0,-242929229068.51648,565.0,572875912119.8164,-1579040000000.0,39575.0,1678.989010989011,457.0,5783.0328903602995,65.0,39382.0,free,18.0,0.0,0.0,Neutral,58_N_free
58,107.54545454545455,100.0,40.15172071696018,45.0,243.0,493.2093023255814,342.0,430.5319278099911,167.0,2705.0,386.83720930232556,236.0,434.4791589189103,81.0,2605.0,280.13953488372096,139.0,438.1341706543974,-67.0,2474.0,386.51162790697674,258.0,433.2825083065662,59.0,2574.0,890.8095238095239,728.5,547.0015489386033,332.0,2849.0,783.6190476190476,615.0,549.4353621576562,245.0,2753.0,free,0.0,0.0,0.0,Sad,58_S_free
61,132.92857142857142,97.0,142.31387379998546,35.0,824.0,636.5853658536586,305.0,914.3742935912447,140.0,5057.0,515.439024390244,202.0,907.9557546703609,60.0,4944.0,380.6829268292683,81.0,929.1803764346402,-421.0,4857.0,501.8292682926829,180.0,933.7945143991536,-316.0,4970.0,1092.675,524.5,1212.28120177601,271.0,5197.0,972.175,419.0,1200.7919584857748,191.0,5142.0,free,4.0,1.0,0.0,Angry,61_A_free
61,133.42635658914728,92.0,177.7511768242424,27.0,1420.0,553.9765625,297.0,980.506180258492,99.0,7663.0,421.7265625,207.0,941.583301476607,15.0,7505.0,287.6953125,107.5,961.8710405041477,-1307.0,7414.0,419.9453125,187.0,999.0271276147298,-1147.0,7572.0,975.3858267716536,525.0,1373.8648361652954,278.0,8450.0,842.7165354330708,437.0,1352.6363200240557,200.0,8292.0,free,13.0,4.0,0.0,Neutral,61_N_free
63,-57076264957.77109,93.0,296532317872.50757,-1579110000000.0,409.0,-57772315042.92683,353.5,298288920027.3071,-1579110000000.0,100419.0,1943.0,265.0,11112.25439229198,4.0,100311.0,57772318906.70731,177.0,298288919269.7351,-161.0,1579110000000.0,1928.2073170731708,256.0,248133197608.77557,-1579110000000.0,1579110000000.0,-58485551560.40741,781.0,300077070043.1119,-1579110000000.0,101447.0,3926.2345679012346,722.0,15698.831154955138,63.0,101339.0,free,6.0,5.0,0.0,Calm,63_C_free
63,-225587142772.31168,89.0,556196863474.0773,-1579110000000.0,163.0,-228555394038.0,275.5,559278310374.6735,-1579110000000.0,12924.0,664.0263157894736,192.0,1838.8197952214473,31.0,12839.0,228555395298.80264,173.0,559278309852.5625,-36.0,1579110000000.0,613.8815789473684,188.0,364679833432.01196,-1579110000000.0,1579110000000.0,-231602798674.69333,578.0,562408948625.4365,-1579110000000.0,13577.0,1343.1333333333334,532.0,2691.020234205031,64.0,13492.0,free,22.0,0.0,0.0,Neutral,63_N_free
65,79.97247706422019,71.0,27.512441197741634,20.0,177.0,315.3425925925926,252.0,249.50493644235485,132.0,2303.0,235.3148148148148,160.5,250.76487286044082,72.0,2254.0,155.47222222222223,87.0,252.51069962833506,-49.0,2193.0,235.5,171.5,250.34094508299415,46.0,2242.0,549.2429906542056,451.0,335.6723706212932,269.0,2478.0,469.4392523364486,369.0,339.3689253619467,209.0,2429.0,free,3.0,0.0,0.0,Angry,65_A_free
65,109.5909090909091,102.5,46.10922726701065,48.0,283.0,460.18461538461537,343.0,567.6980626923219,174.0,4685.0,353.26153846153846,234.0,563.9183029516298,76.0,4573.0,243.86153846153846,144.0,570.2728479893165,-125.0,4512.0,350.7846153846154,245.0,573.4781352716208,-27.0,4624.0,819.234375,600.5,792.9585898070652,320.0,4911.0,712.171875,506.5,790.4211767511964,245.0,4799.0,free,6.0,0.0,0.0,Neutral,65_N_free
65,101.14960629921259,100.0,29.112556266728824,46.0,192.0,451.08730158730157,369.5,266.39961020515835,199.0,1806.0,349.74603174603175,275.5,262.4915369761985,75.0,1659.0,248.46825396825398,184.5,259.26819123087,-55.0,1516.0,349.8095238095238,283.5,262.5660667880971,64.0,1663.0,803.912,715.0,410.8657660080958,408.0,3154.0,702.472,586.0,407.6182309386424,286.0,3007.0,free,6.0,0.0,0.0,Sad,65_S_free
67,65.0,60.5,16.939015100003296,44.0,138.0,329.51162790697674,234.0,237.2613961428782,76.0,1208.0,264.0232558139535,157.0,237.32672760725103,22.0,1135.0,199.30232558139534,88.0,241.11630614643425,-39.0,1078.0,264.7906976744186,169.0,241.079868028314,23.0,1151.0,593.6666666666666,430.0,362.7914583840457,211.0,1893.0,528.4761904761905,372.5,362.4571455304877,157.0,1820.0,free,0.0,0.0,0.0,Happy,67_H_free
67,83.1259842519685,77.0,35.32704169634959,18.0,230.0,356.504,257.0,254.92749203165283,143.0,1541.0,274.472,180.0,248.31595949905335,51.0,1382.0,191.328,106.0,253.82940600891527,-152.0,1301.0,273.36,189.0,258.7898138295545,-34.0,1460.0,633.1219512195122,481.0,352.21476275755145,263.0,1758.0,550.8943089430894,400.0,345.5733371670751,209.0,1599.0,free,2.0,0.0,0.0,Neutral,67_N_free
67,83.1259842519685,77.0,35.32704169634959,18.0,230.0,356.504,257.0,254.92749203165283,143.0,1541.0,274.472,180.0,248.31595949905335,51.0,1382.0,191.328,106.0,253.82940600891527,-152.0,1301.0,273.36,189.0,258.7898138295545,-34.0,1460.0,633.1219512195122,481.0,352.21476275755145,263.0,1758.0,550.8943089430894,400.0,345.5733371670751,209.0,1599.0,free,5.0,0.0,0.0,Neutral,67_N_free
67,114.84313725490196,109.0,39.70369160336333,26.0,259.0,451.44736842105266,378.0,236.63179516517891,205.0,1483.0,336.375,258.0,240.116550411372,91.0,1350.0,221.3815789473684,131.5,243.2344666183902,-105.0,1263.0,336.45394736842104,258.5,238.56876884403536,76.0,1396.0,785.4238410596026,676.0,341.3482373781177,343.0,2097.0,670.5894039735099,547.0,343.807877969139,233.0,2024.0,free,4.0,0.0,0.0,Sad,67_S_free
70,-72196114203.73143,62.0,330172633750.35895,-1579290000000.0,3843.0,-72472198344.8585,310.0,330774242334.7019,-1579290000000.0,10679.0,437.0133843212237,239.0,723.0450123324484,28.0,10584.0,72472199204.73422,183.0,330774242145.9434,-170.0,1579290000000.0,426.1816443594646,239.0,138247290900.6875,-1579290000000.0,1579290000000.0,-72750402147.46642,619.0,331379140721.6733,-1579290000000.0,11804.0,859.7562380038388,557.0,1005.6683885722534,58.0,11709.0,free,16.0,0.0,0.0,Happy,70_H_free
70,-72196114203.73143,62.0,330172633750.35895,-1579290000000.0,3843.0,-72472198344.8585,310.0,330774242334.7019,-1579290000000.0,10679.0,437.0133843212237,239.0,723.0450123324484,28.0,10584.0,72472199204.73422,183.0,330774242145.9434,-170.0,1579290000000.0,426.1816443594646,239.0,138247290900.6875,-1579290000000.0,1579290000000.0,-72750402147.46642,619.0,331379140721.6733,-1579290000000.0,11804.0,859.7562380038388,557.0,1005.6683885722534,58.0,11709.0,free,51.0,31.0,0.0,Happy,70_H_free
70,-34919336533.52088,64.0,232498659703.09073,-1579130000000.0,557.0,-35091777325.076546,322.0,233060427051.43106,-1579130000000.0,5380.0,382.58765432098767,260.0,436.20267946217274,37.0,5326.0,35091778081.24691,194.0,233060426937.29312,-153.0,1579130000000.0,376.7456790123457,249.0,157129307817.63,-1579130000000.0,1579130000000.0,-35265929691.6799,640.0,233626283598.00348,-1579130000000.0,5569.0,763.6302729528536,568.0,594.2205310983298,75.0,5515.0,free,17.0,0.0,0.0,Neutral,70_N_free
70,-34919336533.52088,64.0,232498659703.09073,-1579130000000.0,557.0,-35091777325.076546,322.0,233060427051.43106,-1579130000000.0,5380.0,382.58765432098767,260.0,436.20267946217274,37.0,5326.0,35091778081.24691,194.0,233060426937.29312,-153.0,1579130000000.0,376.7456790123457,249.0,157129307817.63,-1579130000000.0,1579130000000.0,-35265929691.6799,640.0,233626283598.00348,-1579130000000.0,5569.0,763.6302729528536,568.0,594.2205310983298,75.0,5515.0,free,23.0,0.0,0.0,Neutral,70_N_free
72,-656341160160.8453,67.0,782447083816.5615,-1583970000000.0,519.0,-654825586368.8268,247.0,782205643072.783,-1583970000000.0,1304.0,177.07262569832403,153.0,189.94629719863315,23.0,1175.0,663674581110.2235,292.0,783714237529.6257,-178.0,1583970000000.0,8848994576.513966,147.0,118391476374.36877,-64.0,1583970000000.0,-653275762323.6045,448.0,781955582888.7325,-1583970000000.0,1651.0,351.93220338983053,368.0,321.3519840458918,47.0,1526.0,free,0.0,0.0,0.0,Neutral,72_N_free
72,-656341160160.8453,67.0,782447083816.5615,-1583970000000.0,519.0,-654825586368.8268,247.0,782205643072.783,-1583970000000.0,1304.0,177.07262569832403,153.0,189.94629719863315,23.0,1175.0,663674581110.2235,292.0,783714237529.6257,-178.0,1583970000000.0,8848994576.513966,147.0,118391476374.36877,-64.0,1583970000000.0,-653275762323.6045,448.0,781955582888.7325,-1583970000000.0,1651.0,351.93220338983053,368.0,321.3519840458918,47.0,1526.0,free,4.0,0.0,0.0,Neutral,72_N_free
72,-1551644081632.347,-1583970000000.0,226281428573.5714,-1583970000000.0,15.0,-1550970624999.2292,-1583970000000.0,228626376477.4134,-1583970000000.0,37.0,32.895833333333336,24.0,60.458615908641605,22.0,443.0,1583970000000.0,1583970000000.0,0.0,1583970000000.0,1583970000000.0,32999375000.0,0.0,228626376472.07288,0.0,1583970000000.0,-1550268510636.9575,-1583970000000.0,231045770592.10953,-1583970000000.0,63.0,57.297872340425535,48.0,61.06337224684912,47.0,467.0,free,0.0,0.0,0.0,Sad,72_S_free
73,132.54761904761904,133.0,47.83824492097958,58.0,274.0,642.390243902439,424.0,524.2713933664882,217.0,2910.0,509.5853658536585,278.0,524.0389286880201,125.0,2821.0,378.9756097560976,158.0,526.0878010277789,-48.0,2717.0,511.780487804878,304.0,525.6578027669295,97.0,2806.0,1145.225,875.5,701.0662387776537,414.0,3442.0,1012.475,753.0,697.6123744602012,333.0,3258.0,free,12.0,0.0,0.0,Happy,73_H_free
73,110.18080357142857,103.5,30.17118775040278,45.0,218.0,546.4112359550562,281.0,1571.6755574804793,113.0,25081.0,436.1707865168539,170.0,1569.5780885867637,21.0,24952.0,325.8179775280899,65.0,1567.5254428845783,-112.0,24794.0,436.05842696629213,170.0,1569.393807973807,22.0,24923.0,980.579185520362,477.0,2497.0684752136676,226.0,34269.0,870.4705882352941,358.5,2494.636450602559,102.0,34140.0,free,7.0,0.0,0.0,Neutral,73_N_free
73,110.18080357142857,103.5,30.17118775040278,45.0,218.0,546.4112359550562,281.0,1571.6755574804793,113.0,25081.0,436.1707865168539,170.0,1569.5780885867637,21.0,24952.0,325.8179775280899,65.0,1567.5254428845783,-112.0,24794.0,436.05842696629213,170.0,1569.393807973807,22.0,24923.0,980.579185520362,477.0,2497.0684752136676,226.0,34269.0,870.4705882352941,358.5,2494.636450602559,102.0,34140.0,free,5.0,0.0,0.0,Neutral,73_N_free
73,110.18080357142857,103.5,30.17118775040278,45.0,218.0,546.4112359550562,281.0,1571.6755574804793,113.0,25081.0,436.1707865168539,170.0,1569.5780885867637,21.0,24952.0,325.8179775280899,65.0,1567.5254428845783,-112.0,24794.0,436.05842696629213,170.0,1569.393807973807,22.0,24923.0,980.579185520362,477.0,2497.0684752136676,226.0,34269.0,870.4705882352941,358.5,2494.636450602559,102.0,34140.0,free,0.0,0.0,0.0,Neutral,73_N_free
76,85.37162162162163,76.0,42.826700363431236,33.0,340.0,395.5986394557823,286.0,564.1779164128983,141.0,6442.0,311.421768707483,205.0,556.7488172868217,70.0,6322.0,226.1156462585034,129.0,557.6921564168356,-118.0,6218.0,310.2925170068027,205.0,564.8729546930186,-37.0,6338.0,707.1575342465753,533.0,792.9226312508304,331.0,6777.0,622.917808219178,449.5,786.4857366078402,242.0,6656.0,free,7.0,0.0,0.0,Neutral,76_N_free
76,110.30044843049328,104.0,42.034352636858905,37.0,350.0,476.7027027027027,372.0,457.6317078095249,173.0,4551.0,367.3828828828829,262.5,451.4223797670506,24.0,4385.0,257.036036036036,162.5,453.9834335871148,-279.0,4231.0,366.35585585585585,272.0,460.1399201294921,-127.0,4397.0,844.737556561086,656.0,691.3636484851727,399.0,5705.0,735.3257918552036,542.0,685.7545629814929,280.0,5632.0,free,6.0,0.0,0.0,Sad,76_S_free
77,111.06,104.0,32.94802150679341,45.0,219.0,451.949494949495,379.0,251.82620236727135,223.0,1940.0,340.72727272727275,263.0,251.56099670842264,91.0,1819.0,229.58585858585857,166.0,248.56531232627236,-69.0,1696.0,340.80808080808083,275.0,249.20173275381458,52.0,1817.0,787.1632653061224,693.5,355.51532783745375,362.0,2374.0,675.9489795918367,571.0,352.2962779723549,259.0,2224.0,free,0.0,0.0,0.0,Calm,77_C_free
77,103.59803921568627,104.0,35.619624083918055,33.0,222.0,424.6732673267327,344.0,253.65847547089334,146.0,1854.0,321.13861386138615,230.0,255.43273203342477,77.0,1768.0,217.36633663366337,112.0,261.9918213522047,-44.0,1706.0,320.9009900990099,234.0,258.798435271564,25.0,1792.0,746.91,616.0,355.70456743332556,309.0,2257.0,643.54,513.5,359.9741129862007,240.0,2150.0,free,8.0,2.0,0.0,Neutral,77_N_free
79,-113120049307.3284,71.0,407822646531.58484,-1579780000000.0,343.0,-113400049150.87376,225.0,408289337695.1431,-1579780000000.0,15816.0,284.5024752475247,147.0,974.3628127205578,30.0,15724.0,113400049708.91089,85.5,408289337539.76697,-131.0,1579780000000.0,278.76732673267327,153.0,157388894157.02185,-1579780000000.0,1579780000000.0,-113681438573.17867,392.0,408757620175.58014,-1579780000000.0,16069.0,569.5012406947891,314.0,1468.2535338541065,78.0,15977.0,free,72.0,0.0,0.0,Neutral,79_N_free
82,-422997321312.7679,65.0,705661762224.0647,-1579190000000.0,1722.0,-430688181000.92725,392.0,709793121040.6284,-1579190000000.0,6190.0,835.4,484.0,1064.4758856409621,27.0,6057.0,430688182276.4,681.0,709793120252.3652,-552.0,1579190000000.0,506.1090909090909,323.0,679575174499.6989,-1579190000000.0,1579190000000.0,-438663887409.5741,1041.5,713965956473.5208,-1579190000000.0,10835.0,1674.2037037037037,1103.5,1827.5635330012017,57.0,9113.0,free,6.0,10.0,0.0,Neutral,82_N_free
84,69.05555555555556,70.0,17.28061043063427,31.0,141.0,1213.754716981132,558.0,2513.431089671129,217.0,13305.0,1144.1698113207547,498.0,2510.950277789797,157.0,13221.0,1074.9433962264152,436.0,2507.8980580979205,106.0,13170.0,1144.5283018867924,498.0,2510.386122643392,166.0,13254.0,2378.2884615384614,1075.5,3638.162207556407,488.0,15260.0,2308.75,1010.0,3635.3852932518935,428.0,15200.0,free,1.0,1.0,0.0,Happy,84_H_free
84,60.54929577464789,60.0,18.496168508558252,34.0,144.0,898.1,512.5,978.9951540197752,212.0,5473.0,838.5428571428571,437.5,973.0070927205369,152.0,5412.0,777.9,371.0,964.8689653470334,112.0,5282.0,837.4571428571429,437.0,970.8785605296197,172.0,5343.0,1676.4927536231885,1225.0,1341.2038997415762,477.0,6538.0,1616.9565217391305,1165.0,1335.9269136708328,425.0,6488.0,free,0.0,1.0,0.0,Neutral,84_N_free
86,95.27450980392157,96.0,30.28932381640274,39.0,197.0,770.76,374.0,1480.0545158189002,195.0,9853.0,676.14,277.5,1483.2500857019002,128.0,9791.0,580.2,175.0,1475.004641985086,62.0,9663.0,674.82,276.5,1471.7695817051845,130.0,9725.0,1415.1020408163265,704.0,2140.2238029866758,325.0,11183.0,1321.1632653061224,616.0,2143.1550860329994,286.0,11121.0,free,2.0,4.0,0.0,Neutral,86_N_free
87,76.14545454545454,67.5,26.9837995446321,34.0,160.0,372.35779816513764,254.0,407.000284896974,142.0,3742.0,296.11009174311926,167.0,406.7313778078969,80.0,3666.0,220.27522935779817,103.0,406.80926169306,-51.0,3604.0,296.5229357798165,176.0,406.51954525309475,45.0,3680.0,666.3796296296297,567.0,596.3814986379259,260.0,4665.0,590.0555555555555,469.5,596.5450345054815,208.0,4589.0,free,2.0,0.0,0.0,Angry,87_A_free
87,-43887777690.14683,95.0,260160299033.50528,-1579960000000.0,375.0,-38071324858.95984,330.0,242772415921.68,-1579960000000.0,6596.0,356.82329317269074,221.0,530.1459789259646,16.0,6477.0,44416546451.09237,148.0,261684067096.81647,-154.0,1579960000000.0,6345221237.538153,219.0,100125896663.34096,-15.0,1579960000000.0,-32113007335.272358,583.0,223403009854.31213,-1579960000000.0,8086.0,709.4512195121952,479.5,823.7811996869619,58.0,8015.0,free,2.0,5.0,0.0,Calm,87_C_free
87,-43887777690.14683,95.0,260160299033.50528,-1579960000000.0,375.0,-38071324858.95984,330.0,242772415921.68,-1579960000000.0,6596.0,356.82329317269074,221.0,530.1459789259646,16.0,6477.0,44416546451.09237,148.0,261684067096.81647,-154.0,1579960000000.0,6345221237.538153,219.0,100125896663.34096,-15.0,1579960000000.0,-32113007335.272358,583.0,223403009854.31213,-1579960000000.0,8086.0,709.4512195121952,479.5,823.7811996869619,58.0,8015.0,free,8.0,0.0,0.0,Calm,87_C_free
87,-43887777690.14683,95.0,260160299033.50528,-1579960000000.0,375.0,-38071324858.95984,330.0,242772415921.68,-1579960000000.0,6596.0,356.82329317269074,221.0,530.1459789259646,16.0,6477.0,44416546451.09237,148.0,261684067096.81647,-154.0,1579960000000.0,6345221237.538153,219.0,100125896663.34096,-15.0,1579960000000.0,-32113007335.272358,583.0,223403009854.31213,-1579960000000.0,8086.0,709.4512195121952,479.5,823.7811996869619,58.0,8015.0,free,0.0,0.0,0.0,Calm,87_C_free
87,81.75630252100841,79.0,29.20093055939868,25.0,241.0,317.364406779661,276.0,130.62791584308593,137.0,760.0,235.76271186440678,188.5,131.63980108686647,61.0,679.0,154.16101694915255,112.5,132.75451094684036,-45.0,577.0,235.76271186440678,193.0,130.48886896014335,51.0,665.0,553.2820512820513,500.0,192.83568340884412,267.0,1116.0,471.5897435897436,424.0,194.20728145402086,190.0,1054.0,free,13.0,0.0,0.0,Happy,87_H_free
87,-33620425460.425533,66.0,228511533224.49945,-1580160000000.0,719.0,-34055171973.224136,272.0,229958259234.7587,-1580160000000.0,5255.0,372.76724137931035,207.5,555.2050338132551,7.0,5163.0,34055172712.344826,172.0,229958259124.82642,-414.0,1580160000000.0,368.4784482758621,202.0,147031392990.32477,-1580160000000.0,1580160000000.0,-34501309234.29694,523.0,231432800583.55807,-1580160000000.0,9327.0,747.4672489082969,460.0,937.3768667777279,30.0,9275.0,free,0.0,13.0,0.0,Neutral,87_N_free
87,-33620425460.425533,66.0,228511533224.49945,-1580160000000.0,719.0,-34055171973.224136,272.0,229958259234.7587,-1580160000000.0,5255.0,372.76724137931035,207.5,555.2050338132551,7.0,5163.0,34055172712.344826,172.0,229958259124.82642,-414.0,1580160000000.0,368.4784482758621,202.0,147031392990.32477,-1580160000000.0,1580160000000.0,-34501309234.29694,523.0,231432800583.55807,-1580160000000.0,9327.0,747.4672489082969,460.0,937.3768667777279,30.0,9275.0,free,9.0,0.0,0.0,Neutral,87_N_free
87,-33620425460.425533,66.0,228511533224.49945,-1580160000000.0,719.0,-34055171973.224136,272.0,229958259234.7587,-1580160000000.0,5255.0,372.76724137931035,207.5,555.2050338132551,7.0,5163.0,34055172712.344826,172.0,229958259124.82642,-414.0,1580160000000.0,368.4784482758621,202.0,147031392990.32477,-1580160000000.0,1580160000000.0,-34501309234.29694,523.0,231432800583.55807,-1580160000000.0,9327.0,747.4672489082969,460.0,937.3768667777279,30.0,9275.0,free,0.0,0.0,0.0,Neutral,87_N_free
87,114.43478260869566,101.0,60.037288184427894,47.0,478.0,409.64912280701753,335.0,225.378501006724,202.0,1764.0,296.96491228070175,223.0,219.0428870531438,89.0,1686.0,182.37719298245614,128.0,218.47283261376234,-181.0,1553.0,295.06140350877195,228.0,222.9096124246037,-42.0,1631.0,708.2035398230089,582.0,317.42713335088064,351.0,2195.0,595.4247787610619,471.0,313.35724721239654,245.0,2117.0,free,0.0,0.0,0.0,Sad,87_S_free
89,133.14285714285714,129.0,32.95863736569648,81.0,225.0,326.8780487804878,293.0,141.29706209294503,155.0,792.0,195.390243902439,158.0,141.1293516687405,58.0,687.0,61.36585365853659,42.0,146.21521057974113,-128.0,525.0,192.85365853658536,160.0,146.09458596669657,16.0,630.0,515.175,475.0,196.8086259705358,242.0,1226.0,383.65,355.5,190.12877552346276,153.0,1066.0,free,1.0,0.0,0.0,Calm,89_C_free
89,124.73245614035088,122.0,33.64485938600123,53.0,256.0,401.1057268722467,298.0,439.9506783627417,148.0,5094.0,276.5726872246696,174.0,434.9979633288747,27.0,4924.0,151.92511013215858,65.0,436.11436820437586,-136.0,4781.0,276.45814977973566,173.0,440.4603904344797,4.0,4951.0,675.6814159292036,480.5,624.6930804161065,277.0,5311.0,551.2610619469026,359.0,620.3046333942888,156.0,5205.0,free,24.0,0.0,0.0,Neutral,89_N_free
89,145.24528301886792,141.5,56.57574969656755,49.0,523.0,383.79047619047617,286.0,382.3529555276546,53.0,2497.0,238.68571428571428,134.0,381.7522685007838,3.0,2290.0,93.57142857142857,-21.0,393.4889026179982,-384.0,2164.0,238.67619047619047,139.0,393.8229662609569,-304.0,2371.0,624.9711538461538,395.0,603.1372262785043,216.0,3092.0,480.0,255.0,605.6580790659563,75.0,2976.0,free,4.0,0.0,0.0,Sad,89_S_free
93,83.0625,73.0,36.4028501631397,28.0,312.0,376.29714285714283,273.0,379.77646592732617,149.0,4291.0,294.54285714285714,197.0,376.0934512488215,89.0,4233.0,211.75428571428571,116.0,376.45886675434264,-105.0,4135.0,293.50857142857143,195.0,379.68760402500146,9.0,4193.0,669.948275862069,505.0,535.2840882303686,281.0,4599.0,588.5172413793103,426.5,533.2950654831213,221.0,4530.0,free,5.0,0.0,0.0,Angry,93_A_free
93,121.82819383259911,111.0,69.3315204835725,23.0,830.0,465.4,379.0,318.4329655852681,77.0,3280.0,344.88444444444445,251.0,308.7920083882425,54.0,3185.0,222.6888888888889,139.0,315.9091770349837,-583.0,3088.0,343.20444444444445,252.0,324.70031922002676,-495.0,3183.0,809.9551569506726,674.0,498.2782949731045,361.0,4652.0,689.5515695067264,566.0,485.78145995201504,240.0,4288.0,free,0.0,0.0,0.0,Calm,93_C_free
93,121.82819383259911,111.0,69.3315204835725,23.0,830.0,465.4,379.0,318.4329655852681,77.0,3280.0,344.88444444444445,251.0,308.7920083882425,54.0,3185.0,222.6888888888889,139.0,315.9091770349837,-583.0,3088.0,343.20444444444445,252.0,324.70031922002676,-495.0,3183.0,809.9551569506726,674.0,498.2782949731045,361.0,4652.0,689.5515695067264,566.0,485.78145995201504,240.0,4288.0,free,4.0,3.0,0.0,Calm,93_C_free
93,-235207603750.28116,90.0,563534691463.8274,-1583340000000.0,467.0,-234174645894.8505,299.0,562513950266.1663,-1583340000000.0,4034.0,332.76848874598073,205.5,392.66902606342217,1.0,3935.0,236720193168.94534,182.0,565029432417.7325,-193.0,1583340000000.0,2545546947.7797427,207.0,168050323545.36172,-1583340000000.0,1583340000000.0,-233128316424.29773,596.0,561476141720.3536,-1583340000000.0,7371.0,664.6553398058253,509.5,611.0492047385666,24.0,7272.0,free,60.0,0.0,0.0,Neutral,93_N_free
93,-235207603750.28116,90.0,563534691463.8274,-1583340000000.0,467.0,-234174645894.8505,299.0,562513950266.1663,-1583340000000.0,4034.0,332.76848874598073,205.5,392.66902606342217,1.0,3935.0,236720193168.94534,182.0,565029432417.7325,-193.0,1583340000000.0,2545546947.7797427,207.0,168050323545.36172,-1583340000000.0,1583340000000.0,-233128316424.29773,596.0,561476141720.3536,-1583340000000.0,7371.0,664.6553398058253,509.5,611.0492047385666,24.0,7272.0,free,5.0,0.0,0.0,Neutral,93_N_free
93,-235207603750.28116,90.0,563534691463.8274,-1583340000000.0,467.0,-234174645894.8505,299.0,562513950266.1663,-1583340000000.0,4034.0,332.76848874598073,205.5,392.66902606342217,1.0,3935.0,236720193168.94534,182.0,565029432417.7325,-193.0,1583340000000.0,2545546947.7797427,207.0,168050323545.36172,-1583340000000.0,1583340000000.0,-233128316424.29773,596.0,561476141720.3536,-1583340000000.0,7371.0,664.6553398058253,509.5,611.0492047385666,24.0,7272.0,free,5.0,0.0,0.0,Neutral,93_N_free
93,-235207603750.28116,90.0,563534691463.8274,-1583340000000.0,467.0,-234174645894.8505,299.0,562513950266.1663,-1583340000000.0,4034.0,332.76848874598073,205.5,392.66902606342217,1.0,3935.0,236720193168.94534,182.0,565029432417.7325,-193.0,1583340000000.0,2545546947.7797427,207.0,168050323545.36172,-1583340000000.0,1583340000000.0,-233128316424.29773,596.0,561476141720.3536,-1583340000000.0,7371.0,664.6553398058253,509.5,611.0492047385666,24.0,7272.0,free,1.0,0.0,0.0,Neutral,93_N_free
93,-155419877210.37424,89.0,472543216116.0964,-1583340000000.0,425.0,-156379258882.51852,325.0,473849206345.26086,-1583340000000.0,1886.0,297.6975308641975,234.0,249.6704185162196,12.0,1803.0,156379259461.62344,165.0,473849206152.9581,-177.0,1583340000000.0,286.3395061728395,233.5,176472177019.81183,-1583340000000.0,1583340000000.0,-157350558348.90063,584.0,475165878781.7785,-1583340000000.0,2224.0,593.7515527950311,501.0,374.482510123235,36.0,2086.0,free,3.0,0.0,0.0,Sad,93_S_free
94,105.04347826086956,93.5,81.65100707598005,27.0,474.0,353.53333333333336,266.0,210.7013828318949,128.0,1195.0,247.35555555555555,189.0,196.3332227195243,80.0,1132.0,141.04444444444445,96.0,213.7871664185026,-280.0,1021.0,247.22222222222223,193.0,227.8011382453094,-183.0,1084.0,607.1136363636364,483.5,294.5065416345435,322.0,1429.0,499.8636363636364,389.0,284.99152095988313,201.0,1290.0,free,7.0,0.0,0.0,Calm,94_C_free
94,-500779024327.1951,64.5,739465447865.1588,-1579380000000.0,491.0,-506961481215.58026,246.0,741937205699.2097,-1579380000000.0,1973.0,232.60493827160494,184.0,279.43432497692305,22.0,1770.0,506961481632.8642,259.0,741937205410.5176,-222.0,1579380000000.0,203.37037037037038,180.0,353160104230.36176,-1579380000000.0,1579380000000.0,-513298499541.1,437.0,744409058161.0752,-1579380000000.0,2894.0,466.1625,379.0,471.9977591598277,46.0,2838.0,free,11.0,11.0,0.0,Happy,94_H_free
94,-626136872177.7974,66.0,774224693727.9663,-1579380000000.0,972.0,-624683066328.4623,215.0,773929562434.5089,-1579380000000.0,12154.0,291.3822222222222,137.0,960.0282667176135,20.0,12056.0,624684000204.4978,388.0,773930718338.5402,-659.0,1579380000000.0,933602.5288888889,128.0,258481000706.73785,-1579380000000.0,1579380000000.0,-623203183247.3767,402.0,773626179219.9946,-1579380000000.0,19061.0,584.9417040358744,335.0,1688.264525836779,46.0,18963.0,free,4.0,0.0,0.0,Neutral,94_N_free
94,-626136872177.7974,66.0,774224693727.9663,-1579380000000.0,972.0,-624683066328.4623,215.0,773929562434.5089,-1579380000000.0,12154.0,291.3822222222222,137.0,960.0282667176135,20.0,12056.0,624684000204.4978,388.0,773930718338.5402,-659.0,1579380000000.0,933602.5288888889,128.0,258481000706.73785,-1579380000000.0,1579380000000.0,-623203183247.3767,402.0,773626179219.9946,-1579380000000.0,19061.0,584.9417040358744,335.0,1688.264525836779,46.0,18963.0,free,12.0,0.0,0.0,Neutral,94_N_free
95,120.28571428571429,112.0,43.42097929917023,48.0,341.0,395.8041237113402,292.0,409.8286389653012,160.0,3959.0,276.2783505154639,184.0,404.45943199607075,32.0,3826.0,155.84536082474227,82.0,411.2810611422504,-127.0,3741.0,275.37113402061857,194.0,416.3821691964514,-21.0,3874.0,675.5625,491.0,603.9425000950444,251.0,4516.0,555.90625,377.5,597.2796766767245,171.0,4383.0,free,13.0,0.0,0.0,Neutral,95_N_free
95,-38990617165.06173,117.0,245812083516.52298,-1579120000000.0,548.0,-39232794635.590065,284.0,246559662371.98734,-1579120000000.0,7075.0,289.27950310559004,178.0,610.9344912834366,5.0,6947.0,39232795194.391304,72.0,246559662282.5145,-214.0,1579120000000.0,273.6273291925466,175.0,249680794936.25455,-1579120000000.0,1579120000000.0,-39477999327.6125,484.0,247314099024.78632,-1579120000000.0,7469.0,579.43125,379.5,861.0084231165645,75.0,7171.0,free,28.0,0.0,0.0,Sad,95_S_free
97,80.75193798449612,70.0,27.096768432713965,28.0,160.0,445.984375,288.5,772.205155967987,36.0,7690.0,365.046875,205.0,767.387436762157,8.0,7571.0,284.6875,121.0,759.8481380600903,-50.0,7411.0,365.625,200.0,764.6119802324317,-10.0,7530.0,782.0944881889764,549.0,1004.1709557946009,218.0,7900.0,701.4645669291339,481.0,1001.4143394669803,168.0,7781.0,free,10.0,0.0,0.0,Neutral,97_N_free
97,-149134905583.54718,69.0,464272760164.99243,-1580830000000.0,520.0,-150555237724.1905,310.0,466268044921.4881,-1580830000000.0,1624.0,304.67619047619047,249.0,260.64286261377237,5.0,1545.0,150555238316.57144,199.0,466268044728.3725,-190.0,1580830000000.0,293.9047619047619,231.0,219221677799.68225,-1580830000000.0,1580830000000.0,-152002883949.35577,610.0,468288846523.772,-1580830000000.0,1784.0,611.3269230769231,547.0,362.9470110916241,56.0,1685.0,free,13.0,0.0,0.0,Sad,97_S_free
98,-357323649558.9562,94.0,663169701600.4005,-1579140000000.0,168.0,-359951028778.32355,445.5,664905296868.2917,-1579140000000.0,11072.0,577.8897058823529,354.0,1171.63214852137,36.0,10941.0,359951029898.17645,393.5,664905296257.5612,44.0,1579140000000.0,557.1691176470588,343.5,271821463170.22134,-1579140000000.0,1579140000000.0,-362617332148.9037,842.0,666651511342.0605,-1579140000000.0,12633.0,1157.088888888889,759.0,1731.1951978143086,72.0,12539.0,free,51.0,0.0,0.0,Happy,98_H_free
98,104.65957446808511,99.0,37.184777504724366,64.0,303.0,544.5,445.5,483.50097092858954,243.0,3557.0,439.8478260869565,335.0,485.72612161318983,151.0,3479.0,335.30434782608694,238.5,490.6655285115974,46.0,3411.0,439.95652173913044,339.5,488.33180689280147,146.0,3489.0,988.8888888888889,860.0,666.9788473619556,434.0,4054.0,884.0222222222222,715.0,674.0993819665442,344.0,3990.0,free,8.0,0.0,0.0,Neutral,98_N_free
99,126.15789473684211,119.0,44.273819042765886,10.0,242.0,987.5714285714286,518.5,1438.0151454145253,217.0,9403.0,863.4821428571429,411.5,1441.5748584109663,114.0,9393.0,735.25,293.5,1426.5324551003196,4.0,9230.0,859.3392857142857,406.0,1422.5743537274657,132.0,9240.0,1698.7272727272727,1201.0,1703.2150258386123,413.0,10243.0,1575.6181818181817,1099.0,1706.4850651092954,308.0,10233.0,free,6.0,0.0,0.0,Calm,99_C_free
99,-362199517976.0,98.0,668795241881.2878,-1582240000000.0,415.0,-347320974740.0122,321.0,658944995159.0981,-1582240000000.0,20105.0,811.3536585365854,243.5,2428.695872029598,10.0,19787.0,366616586057.7317,304.5,671691726379.7217,-398.0,1582240000000.0,19295610516.951218,224.0,392630992531.7181,-1582240000000.0,1582240000000.0,-332075060111.9383,623.0,648334757376.3866,-1582240000000.0,20973.0,1619.2962962962963,536.0,3421.8575965564532,40.0,20655.0,free,4.0,0.0,0.0,Neutral,99_N_free
100,-1535008955223.3135,-1582240000000.0,271290550348.21103,-1582240000000.0,27.0,-1534293333331.7576,-1582240000000.0,273305705639.61188,-1582240000000.0,60.0,62.77272727272727,33.0,148.84186708920777,30.0,1054.0,1558266666682.4697,1582240000000.0,194760280558.75507,1043.0,1582240000000.0,23973333333.333332,0.0,339060209898.49316,-1582240000000.0,1582240000000.0,-1533555692305.077,-1582240000000.0,275366412647.40485,-1582240000000.0,93.0,119.12307692307692,66.0,235.95090244664166,63.0,1565.0,free,0.0,0.0,0.0,Angry,100_A_free
100,-481737966010.43506,101.0,729116371304.0496,-1579030000000.0,1762.0,-487243542622.2114,257.0,731452785179.9552,-1579030000000.0,1545.0,199.94857142857143,153.0,427.87916261448333,6.0,5382.0,487243542950.43427,123.0,731452784960.0594,-295.0,1579030000000.0,143.37714285714284,141.0,169289785588.49234,-1579030000000.0,1579030000000.0,-492876415810.6994,424.0,733792835246.6576,-1579030000000.0,1342.0,394.0751445086705,314.0,694.2290605459555,71.0,6849.0,free,0.0,0.0,0.0,Happy,100_H_free
100,-481737966010.43506,101.0,729116371304.0496,-1579030000000.0,1762.0,-487243542622.2114,257.0,731452785179.9552,-1579030000000.0,1545.0,199.94857142857143,153.0,427.87916261448333,6.0,5382.0,487243542950.43427,123.0,731452784960.0594,-295.0,1579030000000.0,143.37714285714284,141.0,169289785588.49234,-1579030000000.0,1579030000000.0,-492876415810.6994,424.0,733792835246.6576,-1579030000000.0,1342.0,394.0751445086705,314.0,694.2290605459555,71.0,6849.0,free,1.0,0.0,0.0,Happy,100_H_free
100,-481542485350.7883,90.0,727861144285.472,-1582240000000.0,982.0,-484364023023.73047,269.5,729056091773.8209,-1582240000000.0,32369.0,392.025390625,166.0,1951.7510481495533,11.0,32239.0,484364023727.7383,163.5,729056091305.1837,-426.0,1582240000000.0,327.59375,161.5,197672272611.2479,-1582240000000.0,1582240000000.0,-487218820486.1788,447.0,730252045614.2712,-1582240000000.0,35414.0,774.6463654223969,351.0,2890.33835047183,42.0,35284.0,free,145.0,0.0,0.0,Neutral,100_N_free
100,-481542485350.7883,90.0,727861144285.472,-1582240000000.0,982.0,-484364023023.73047,269.5,729056091773.8209,-1582240000000.0,32369.0,392.025390625,166.0,1951.7510481495533,11.0,32239.0,484364023727.7383,163.5,729056091305.1837,-426.0,1582240000000.0,327.59375,161.5,197672272611.2479,-1582240000000.0,1582240000000.0,-487218820486.1788,447.0,730252045614.2712,-1582240000000.0,35414.0,774.6463654223969,351.0,2890.33835047183,42.0,35284.0,free,14.0,0.0,0.0,Neutral,100_N_free
100,-481542485350.7883,90.0,727861144285.472,-1582240000000.0,982.0,-484364023023.73047,269.5,729056091773.8209,-1582240000000.0,32369.0,392.025390625,166.0,1951.7510481495533,11.0,32239.0,484364023727.7383,163.5,729056091305.1837,-426.0,1582240000000.0,327.59375,161.5,197672272611.2479,-1582240000000.0,1582240000000.0,-487218820486.1788,447.0,730252045614.2712,-1582240000000.0,35414.0,774.6463654223969,351.0,2890.33835047183,42.0,35284.0,free,4.0,0.0,0.0,Neutral,100_N_free
101,119.94186046511628,113.0,37.937209625182064,61.0,227.0,347.09411764705885,284.0,328.00572089702416,143.0,2466.0,227.23529411764707,158.0,324.89235019570145,44.0,2380.0,107.2,28.0,325.71868522509095,-83.0,2226.0,227.05882352941177,164.0,328.6057252834704,16.0,2312.0,571.9880952380952,470.5,455.088777094417,278.0,2624.0,451.8452380952381,347.5,456.4833755414603,161.0,2550.0,free,6.0,0.0,0.0,Angry,101_A_free
101,129.23595505617976,119.0,48.80178426132458,40.0,240.0,353.3863636363636,308.0,222.09030118597641,161.0,2065.0,225.0340909090909,167.5,211.32909721616312,61.0,1825.0,95.36363636363636,49.5,210.2122726722376,-137.0,1677.0,223.7159090909091,183.5,218.14473466309707,10.0,1917.0,576.471264367816,508.0,298.39445717311605,257.0,2226.0,449.35632183908046,362.0,286.9315199482312,186.0,1986.0,free,8.0,0.0,0.0,Happy,101_H_free
101,114.99588477366255,112.0,37.41729148406119,17.0,221.0,355.55785123966945,276.5,440.2976816956536,31.0,5997.0,240.77685950413223,151.5,438.393918764863,10.0,5834.0,125.59917355371901,50.5,435.82736751284125,-112.0,5670.0,240.3801652892562,163.5,436.9491886522655,-95.0,5833.0,596.4439834024896,451.0,613.0908493505673,132.0,6082.0,482.0124481327801,330.0,611.5728866437191,45.0,5919.0,free,37.0,0.0,0.0,Neutral,101_N_free
103,-25524193441.548386,99.5,200977700991.59247,-1582500000000.0,329.0,-25942622592.85246,214.0,202618362540.40472,-1582500000000.0,3127.0,273.60655737704917,115.0,481.08645372353203,0.0,2798.0,25942623109.639343,1.0,202618362473.13422,-128.0,1582500000000.0,243.78688524590163,110.0,288923649083.9751,-1582500000000.0,1582500000000.0,-26374999364.75,370.5,204299871595.84164,-1582500000000.0,3264.0,552.2,278.0,655.7021543766936,73.0,3007.0,free,4.0,0.0,0.0,Happy,103_H_free
103,-1271651785690.6785,-1582500000000.0,634411373037.7972,-1582500000000.0,210.0,-1265999999906.6545,-1582500000000.0,638834224902.9823,-1582500000000.0,2248.0,104.14545454545454,33.0,297.8055802639763,12.0,2112.0,1294772727319.6182,1582500000000.0,615987289467.4176,-151.0,1582500000000.0,28772727340.69091,0.0,213384256460.28223,-55.0,1582500000000.0,-1260138888725.1667,-1582500000000.0,643338399914.1188,-1582500000000.0,2955.0,200.38888888888889,66.0,481.67829304155015,45.0,2819.0,free,1.0,0.0,0.0,Neutral,103_N_free
104,-446541521650.54346,102.0,719316132911.9453,-1580070000000.0,201.0,-456464666299.06665,278.0,724253158317.1115,-1580070000000.0,2903.0,305.9555555555556,169.0,566.4878621645815,8.0,2771.0,456464666862.73334,153.0,724253157953.7833,-103.0,1580070000000.0,279.22222222222223,181.0,336872055892.0094,-1580070000000.0,1580070000000.0,-466838862992.6818,490.5,729236309797.8597,-1580070000000.0,3248.0,611.8409090909091,370.5,814.9119211410267,73.0,3148.0,free,18.0,0.0,0.0,Angry,104_A_free
104,-380387222130.6852,99.5,681875548466.9131,-1580070000000.0,191.0,-387564339279.81134,323.0,686338549819.9568,-1580070000000.0,1980.0,277.8679245283019,202.0,315.830714011347,36.0,1896.0,387564339790.7547,212.0,686338549525.8866,-64.0,1580070000000.0,251.37735849056602,212.0,309877221647.7904,-1580070000000.0,1580070000000.0,-395017499411.5,562.0,690865566389.4252,-1580070000000.0,2949.0,559.1923076923077,445.5,514.5967405938987,73.0,2850.0,free,17.0,0.0,0.0,Calm,104_C_free
104,72.16438356164383,64.0,30.456715049864044,40.0,280.0,482.69444444444446,247.5,1131.0079717143362,120.0,9270.0,411.05555555555554,172.0,1129.2077977021045,56.0,9214.0,341.77777777777777,112.0,1131.5915405792346,-24.0,9158.0,413.4166666666667,176.0,1133.3766793008838,40.0,9214.0,884.8450704225352,440.0,1575.5712764208718,240.0,9486.0,813.0985915492957,368.0,1574.4455455350403,168.0,9430.0,free,6.0,0.0,0.0,Happy,104_H_free
104,108.61581920903954,80.0,101.22662119837774,40.0,780.0,549.7257142857143,288.0,930.126183610817,128.0,8709.0,446.07428571428574,209.0,903.3752228728063,48.0,8624.0,337.6114285714286,128.0,898.0947636337373,-312.0,8466.0,441.2628571428571,208.0,922.2266903750219,-128.0,8551.0,996.8381502890173,529.0,1344.008356381933,216.0,9017.0,893.2774566473988,456.0,1309.3561054741115,152.0,8932.0,free,15.0,0.0,0.0,Neutral,104_N_free
104,108.61581920903954,80.0,101.22662119837774,40.0,780.0,549.7257142857143,288.0,930.126183610817,128.0,8709.0,446.07428571428574,209.0,903.3752228728063,48.0,8624.0,337.6114285714286,128.0,898.0947636337373,-312.0,8466.0,441.2628571428571,208.0,922.2266903750219,-128.0,8551.0,996.8381502890173,529.0,1344.008356381933,216.0,9017.0,893.2774566473988,456.0,1309.3561054741115,152.0,8932.0,free,9.0,0.0,0.0,Neutral,104_N_free
104,-124414960543.17323,88.0,427250053018.24884,-1580070000000.0,201.0,-126405599591.992,309.0,430387251523.533,-1580070000000.0,7120.0,337.704,199.0,746.459719804306,35.0,7025.0,126405600243.992,128.0,430387251330.49475,-80.0,1580070000000.0,321.88,208.0,200669090669.191,-1580070000000.0,1580070000000.0,-128460974879.06505,536.0,433593814746.7862,-1580070000000.0,7348.0,679.6666666666666,431.0,1112.3460708883567,72.0,7241.0,free,14.0,0.0,0.0,Sad,104_S_free
104,-124414960543.17323,88.0,427250053018.24884,-1580070000000.0,201.0,-126405599591.992,309.0,430387251523.533,-1580070000000.0,7120.0,337.704,199.0,746.459719804306,35.0,7025.0,126405600243.992,128.0,430387251330.49475,-80.0,1580070000000.0,321.88,208.0,200669090669.191,-1580070000000.0,1580070000000.0,-128460974879.06505,536.0,433593814746.7862,-1580070000000.0,7348.0,679.6666666666666,431.0,1112.3460708883567,72.0,7241.0,free,2.0,0.0,0.0,Sad,104_S_free
106,-15984444362.156565,79.0,158639037574.89554,-1582460000000.0,306.0,-8073775120.448979,273.5,113032857170.83961,-1582460000000.0,4617.0,310.8265306122449,201.0,394.19641142417373,26.0,4516.0,16147551246.352041,119.0,159442194244.84787,-224.0,1582460000000.0,8073775816.438775,200.0,113032857120.87106,-13.0,1582460000000.0,703.6082474226804,539.5,646.734877036294,268.0,6663.0,621.6030927835052,462.0,642.3042813456441,64.0,6562.0,free,9.0,0.0,0.0,Angry,106_A_free
106,-15984444362.156565,79.0,158639037574.89554,-1582460000000.0,306.0,-8073775120.448979,273.5,113032857170.83961,-1582460000000.0,4617.0,310.8265306122449,201.0,394.19641142417373,26.0,4516.0,16147551246.352041,119.0,159442194244.84787,-224.0,1582460000000.0,8073775816.438775,200.0,113032857120.87106,-13.0,1582460000000.0,703.6082474226804,539.5,646.734877036294,268.0,6663.0,621.6030927835052,462.0,642.3042813456441,64.0,6562.0,free,2.0,0.0,0.0,Angry,106_A_free
106,-22288168898.823944,93.0,187136295611.33075,-1582460000000.0,1446.0,-22606570586.99286,328.0,188458558284.07816,-1582460000000.0,42770.0,920.0357142857143,237.0,4271.417880627641,37.0,42654.0,22606572229.67857,155.0,188458558085.612,-1217.0,1582460000000.0,721.6571428571428,240.0,189819287464.48605,-1582460000000.0,1582460000000.0,-22934201320.746376,678.0,189809247229.78717,-1582460000000.0,43011.0,1856.9130434782608,574.0,6042.824213406774,75.0,42884.0,free,9.0,0.0,0.0,Neutral,106_N_free
106,-22288168898.823944,93.0,187136295611.33075,-1582460000000.0,1446.0,-22606570586.99286,328.0,188458558284.07816,-1582460000000.0,42770.0,920.0357142857143,237.0,4271.417880627641,37.0,42654.0,22606572229.67857,155.0,188458558085.612,-1217.0,1582460000000.0,721.6571428571428,240.0,189819287464.48605,-1582460000000.0,1582460000000.0,-22934201320.746376,678.0,189809247229.78717,-1582460000000.0,43011.0,1856.9130434782608,574.0,6042.824213406774,75.0,42884.0,free,0.0,0.0,0.0,Neutral,106_N_free
106,-730370769176.1578,68.0,790492404861.2516,-1582470000000.0,256.0,-736332979339.6204,230.0,790943759448.906,-1582470000000.0,2435.0,222.42448979591836,150.0,289.2802391710174,26.0,2355.0,736332979738.7959,836.0,790943759075.7687,-98.0,1582470000000.0,197.83673469387756,126.0,202614521387.4099,-1582470000000.0,1582470000000.0,-742393332887.5885,400.0,791356086196.1017,-1582470000000.0,2917.0,441.880658436214,328.0,475.69656424650395,67.0,2757.0,free,71.0,0.0,0.0,Sad,106_S_free
106,-730370769176.1578,68.0,790492404861.2516,-1582470000000.0,256.0,-736332979339.6204,230.0,790943759448.906,-1582470000000.0,2435.0,222.42448979591836,150.0,289.2802391710174,26.0,2355.0,736332979738.7959,836.0,790943759075.7687,-98.0,1582470000000.0,197.83673469387756,126.0,202614521387.4099,-1582470000000.0,1582470000000.0,-742393332887.5885,400.0,791356086196.1017,-1582470000000.0,2917.0,441.880658436214,328.0,475.69656424650395,67.0,2757.0,free,0.0,0.0,0.0,Sad,106_S_free
108,64.48453608247422,62.0,18.594417510181792,27.0,135.0,306.7395833333333,257.0,151.08577172145186,125.0,819.0,242.05208333333334,192.0,148.36685470333796,72.0,748.0,177.58333333333334,130.5,149.3941213996452,-31.0,664.0,242.27083333333334,196.5,151.8071130132034,70.0,735.0,548.7789473684211,458.0,218.6890914083458,257.0,1106.0,484.1684210526316,402.0,216.96566316392386,197.0,1035.0,free,3.0,0.0,0.0,Angry,108_A_free
108,70.04761904761905,62.0,34.040975579926894,36.0,268.0,297.69354838709677,252.0,129.2989405342059,169.0,859.0,227.20967741935485,190.5,123.99829944587145,101.0,819.0,157.59677419354838,132.5,128.28253393979148,-106.0,742.0,228.08064516129033,191.5,133.23408444761174,-39.0,782.0,526.0983606557377,487.0,185.2779627944666,303.0,1203.0,456.344262295082,425.0,181.7313846721677,241.0,1130.0,free,2.0,0.0,0.0,Neutral,108_N_free
108,107.40776699029126,101.5,37.468148917207365,40.0,247.0,468.8780487804878,398.0,267.894824540867,154.0,1942.0,361.44878048780487,279.0,264.03403962252264,52.0,1796.0,253.89756097560976,181.0,264.6687056841663,-75.0,1668.0,361.32682926829267,299.0,267.09450760423385,76.0,1814.0,827.7990196078431,715.0,402.28019277186786,388.0,3276.0,720.3921568627451,611.0,400.0671041462364,286.0,3174.0,free,7.0,0.0,0.0,Sad,108_S_free
109,104.6923076923077,95.5,75.54988962282553,52.0,605.0,493.94117647058823,353.0,552.2118945392143,204.0,4077.0,399.05882352941177,246.0,548.7806269089574,110.0,3973.0,293.5882352941176,155.0,554.2748479399219,-179.0,3887.0,388.47058823529414,245.0,556.5860347849621,-44.0,3991.0,893.44,675.0,749.823248832547,395.0,4348.0,799.36,582.5,749.2694880443789,331.0,4283.0,free,2.0,0.0,0.0,Angry,109_A_free
109,-155357704802.5082,99.0,474272352881.5537,-1579470000000.0,1145.0,-157946999673.2,214.5,477839729230.86304,-1579470000000.0,5266.0,237.56666666666666,121.0,657.1740312463912,10.0,5100.0,157947000112.68332,27.5,477839729083.1324,-179.0,1579470000000.0,208.48333333333332,121.5,411258958453.7638,-1579470000000.0,1579470000000.0,-160624067255.67798,337.0,481487413762.45905,-1579470000000.0,5479.0,461.135593220339,241.0,934.887517807709,132.0,5411.0,free,1.0,0.0,0.0,Happy,109_H_free
109,-6446816215.730612,106.0,100805405450.11531,-1579470000000.0,1096.0,-6473237403.959017,232.0,101011337666.3098,-1579470000000.0,4469.0,191.15573770491804,125.0,288.4107916338629,9.0,4407.0,6473237784.663935,18.0,101011337641.86249,-288.0,1579470000000.0,189.89139344262296,127.0,101218966514.88228,-1579470000000.0,1579470000000.0,-6499876051.425926,383.5,101218537124.01202,-1579470000000.0,4606.0,382.53909465020575,270.0,408.29433681936644,101.0,4538.0,free,38.0,0.0,0.0,Neutral,109_N_free
109,-6446816215.730612,106.0,100805405450.11531,-1579470000000.0,1096.0,-6473237403.959017,232.0,101011337666.3098,-1579470000000.0,4469.0,191.15573770491804,125.0,288.4107916338629,9.0,4407.0,6473237784.663935,18.0,101011337641.86249,-288.0,1579470000000.0,189.89139344262296,127.0,101218966514.88228,-1579470000000.0,1579470000000.0,-6499876051.425926,383.5,101218537124.01202,-1579470000000.0,4606.0,382.53909465020575,270.0,408.29433681936644,101.0,4538.0,free,4.0,0.0,0.0,Neutral,109_N_free
110,125.7080291970803,106.0,114.60765300028805,23.0,1191.0,391.9264705882353,290.5,467.62866927847216,95.0,4869.0,269.29411764705884,180.0,408.92846639945265,5.0,4286.0,143.3308823529412,68.5,336.94134130981934,-158.0,3095.0,265.9632352941176,188.5,397.88884373864727,-70.0,3678.0,660.2666666666667,486.0,665.0266653839091,227.0,5946.0,537.6962962962963,370.0,623.7613789118409,132.0,5363.0,free,9.0,0.0,0.0,Calm,110_C_free
110,108.88,103.0,32.39788707999831,27.0,287.0,452.7635135135135,353.0,300.69686323212494,131.0,1820.0,344.9527027027027,243.0,298.022629247623,58.0,1737.0,236.41216216216216,137.0,295.02562852018235,-113.0,1643.0,344.22297297297297,254.0,297.65136939034034,-20.0,1726.0,796.8767123287671,683.5,443.26828321257113,322.0,2768.0,689.0410958904109,567.5,442.20051430454555,179.0,2637.0,free,6.0,0.0,0.0,Happy,110_H_free
110,108.88,103.0,32.39788707999831,27.0,287.0,452.7635135135135,353.0,300.69686323212494,131.0,1820.0,344.9527027027027,243.0,298.022629247623,58.0,1737.0,236.41216216216216,137.0,295.02562852018235,-113.0,1643.0,344.22297297297297,254.0,297.65136939034034,-20.0,1726.0,796.8767123287671,683.5,443.26828321257113,322.0,2768.0,689.0410958904109,567.5,442.20051430454555,179.0,2637.0,free,15.0,0.0,0.0,Happy,110_H_free
110,-170854524457.62296,127.0,491322999258.02374,-1579110000000.0,1171.0,-171982276642.26733,392.0,492749792723.40533,-1579110000000.0,16897.0,474.95379537953795,252.0,1109.0642935058308,33.0,16798.0,171982277565.84818,163.0,492749792399.98474,-548.0,1579110000000.0,454.4917491749175,261.0,128506149313.01254,-1579110000000.0,1579110000000.0,-173125015573.57144,692.0,494188774198.2743,-1579110000000.0,17726.0,946.704318936877,550.0,1593.1707364920487,68.0,17626.0,free,37.0,0.0,0.0,Neutral,110_N_free
110,-170854524457.62296,127.0,491322999258.02374,-1579110000000.0,1171.0,-171982276642.26733,392.0,492749792723.40533,-1579110000000.0,16897.0,474.95379537953795,252.0,1109.0642935058308,33.0,16798.0,171982277565.84818,163.0,492749792399.98474,-548.0,1579110000000.0,454.4917491749175,261.0,128506149313.01254,-1579110000000.0,1579110000000.0,-173125015573.57144,692.0,494188774198.2743,-1579110000000.0,17726.0,946.704318936877,550.0,1593.1707364920487,68.0,17626.0,free,2.0,0.0,0.0,Neutral,110_N_free
112,88.98067632850241,75.0,55.84270222485091,19.0,448.0,380.9170731707317,303.0,253.45614531755757,155.0,2194.0,294.61951219512196,222.0,240.6057136090693,72.0,2127.0,205.26829268292684,146.0,251.38083603371982,-127.0,2072.0,291.5658536585366,225.0,263.6999219345955,-37.0,2139.0,673.832512315271,550.0,419.51380572651266,310.0,3614.0,587.3743842364532,452.0,402.42530545344323,235.0,3166.0,free,1.0,0.0,0.0,Neutral,112_N_free
112,88.98067632850241,75.0,55.84270222485091,19.0,448.0,380.9170731707317,303.0,253.45614531755757,155.0,2194.0,294.61951219512196,222.0,240.6057136090693,72.0,2127.0,205.26829268292684,146.0,251.38083603371982,-127.0,2072.0,291.5658536585366,225.0,263.6999219345955,-37.0,2139.0,673.832512315271,550.0,419.51380572651266,310.0,3614.0,587.3743842364532,452.0,402.42530545344323,235.0,3166.0,free,2.0,0.0,0.0,Neutral,112_N_free
112,123.2636815920398,119.0,36.61400175312867,48.0,309.0,407.765,361.5,190.1204848743139,185.0,1656.0,285.43,234.5,184.50742546101299,66.0,1431.0,162.385,117.0,186.08631696556586,-132.0,1288.0,284.72,242.0,190.2302535001561,-45.0,1513.0,693.1557788944724,610.0,283.43775411694884,355.0,1939.0,570.643216080402,482.0,277.05137244096585,253.0,1831.0,free,2.0,0.0,0.0,Sad,112_S_free
113,80.84905660377359,80.0,14.179340641086425,51.0,132.0,420.84615384615387,272.0,373.16580894464227,165.0,1927.0,339.9423076923077,185.5,377.19784237533673,78.0,1862.0,259.03846153846155,110.0,375.4625362652885,-18.0,1790.0,339.9423076923077,194.5,371.3496536066593,70.0,1855.0,768.843137254902,553.0,562.1066579413206,286.0,2948.0,688.2745098039215,471.0,564.9193952567523,214.0,2883.0,free,2.0,0.0,0.0,Angry,113_A_free
113,-287098181752.30304,76.0,612126608871.0204,-1579040000000.0,129.0,-290027754717.0102,239.0,614575825014.8756,-1579040000000.0,5695.0,389.5408163265306,184.5,715.3773305892324,29.0,5621.0,290027755405.2755,179.5,614575824686.7242,-24.0,1579040000000.0,320.234693877551,181.0,392719882983.6881,-1579040000000.0,1579040000000.0,-293017731258.42267,471.0,617051548343.952,-1579040000000.0,7010.0,780.5670103092783,442.0,1076.8425189260545,64.0,6936.0,free,24.0,0.0,0.0,Calm,113_C_free
113,-28709818103.327274,79.0,212917710175.5713,-1579040000000.0,125.0,-29241481132.425926,272.0,214880126906.4161,-1579040000000.0,1486.0,292.01851851851853,182.0,266.4719526280138,66.0,1421.0,29241481685.537037,103.5,214880126829.72705,-14.0,1579040000000.0,262.5925925925926,186.0,306739845619.3229,-1579040000000.0,1579040000000.0,-29793206925.11321,562.0,216897824984.62714,-1579040000000.0,1692.0,569.1698113207547,497.0,363.6333072588932,151.0,1675.0,free,15.0,0.0,0.0,Happy,113_H_free
113,-256283978981.23038,83.0,583768270058.0668,-1579040000000.0,171.0,-258995978412.30157,239.0,586263282696.7893,-1579040000000.0,10166.0,373.25925925925924,148.0,1071.2064492408515,32.0,10084.0,258995979122.5344,100.0,586263282381.3575,-96.0,1579040000000.0,347.9153439153439,146.0,230326656174.83542,-1579040000000.0,1579040000000.0,-261765988531.72726,409.0,588788071138.4469,-1579040000000.0,17929.0,750.8288770053476,328.0,1807.2742568234323,64.0,17788.0,free,44.0,0.0,0.0,Neutral,113_N_free
113,-256283978981.23038,83.0,583768270058.0668,-1579040000000.0,171.0,-258995978412.30157,239.0,586263282696.7893,-1579040000000.0,10166.0,373.25925925925924,148.0,1071.2064492408515,32.0,10084.0,258995979122.5344,100.0,586263282381.3575,-96.0,1579040000000.0,347.9153439153439,146.0,230326656174.83542,-1579040000000.0,1579040000000.0,-261765988531.72726,409.0,588788071138.4469,-1579040000000.0,17929.0,750.8288770053476,328.0,1807.2742568234323,64.0,17788.0,free,6.0,0.0,0.0,Neutral,113_N_free
113,93.47297297297297,82.5,59.43022223017533,33.0,435.0,447.56164383561645,306.0,338.3300076314942,152.0,1869.0,353.94520547945206,216.0,327.7008667473601,74.0,1791.0,260.83561643835617,125.0,331.04963599380176,-125.0,1689.0,354.45205479452056,216.0,336.6702161981156,-5.0,1767.0,804.9583333333334,647.5,449.2544508624466,282.0,2088.0,711.2777777777778,556.0,438.4464321503992,189.0,2010.0,free,11.0,0.0,0.0,Sad,113_S_free
114,-3867041427.0,134.0,78206075728.0079,-1581620000000.0,446.0,-3876518924.654412,371.0,78301857880.04443,-1581620000000.0,43426.0,547.2843137254902,233.0,2821.6284993341283,30.0,43258.0,3876520016.0808825,99.0,78301857825.87793,-145.0,1581620000000.0,544.0343137254902,233.0,110871504624.01125,-1581620000000.0,1581620000000.0,-3886042994.5307126,619.0,78397992821.1884,-1581620000000.0,79950.0,1096.4889434889435,486.0,5013.002785785799,213.0,79814.0,free,22.0,0.0,0.0,Neutral,114_N_free
114,-302863404141.65955,122.0,629053171629.2059,-1581620000000.0,459.0,-309447390916.34784,368.0,634364822888.6206,-1581620000000.0,1100.0,320.45652173913044,254.5,270.2660998614134,32.0,1027.0,309447391494.84784,222.5,634364822600.1534,-113.0,1581620000000.0,277.1521739130435,245.5,333434772858.3675,-1581620000000.0,1581620000000.0,-316323999339.24445,638.0,639796792215.5787,-1581620000000.0,1904.0,639.0444444444445,547.0,442.8648447405491,65.0,1824.0,free,17.0,0.0,0.0,Sad,114_S_free
115,-937149629589.037,-1581440000000.0,784339765979.1617,-1581440000000.0,136.0,-954831697893.8302,-1581440000000.0,780904183477.161,-1581440000000.0,1565.0,256.39622641509436,36.0,417.42965043514727,32.0,2466.0,954831698297.6038,1581440000000.0,780904182973.962,110.0,1581440000000.0,179.62264150943398,0.0,310145900752.9298,-1581440000000.0,1581440000000.0,-973193845765.6923,-1581440000000.0,776883587823.6445,-1581440000000.0,2025.0,514.2307692307693,70.5,695.3231613016595,66.0,3023.0,free,0.0,0.0,0.0,Calm,115_C_free
115,99.9,92.0,38.59647130113353,14.0,249.0,716.0542635658915,480.0,635.9159033197402,115.0,3617.0,616.2170542635658,380.0,623.5224279401501,12.0,3433.0,517.4728682170543,286.0,624.194794784641,-19.0,3349.0,617.3100775193799,404.0,636.4484562600301,84.0,3514.0,1333.6171875,977.0,878.1328179731563,367.0,4740.0,1234.0390625,892.5,872.1154514551561,333.0,4683.0,free,18.0,0.0,0.0,Neutral,115_N_free
117,124.69662921348315,120.0,38.01208076339979,47.0,223.0,386.09090909090907,318.0,183.9479334356764,182.0,1112.0,262.5113636363636,190.0,181.7384753776753,70.0,1065.0,138.11363636363637,80.5,178.25949261810422,-88.0,953.0,261.6931818181818,215.5,179.64328369929507,63.0,1000.0,649.919540229885,584.0,264.1120365859034,304.0,1528.0,526.3678160919541,449.0,266.75862772135366,183.0,1424.0,free,10.0,0.0,0.0,Happy,117_H_free
117,126.14117647058823,126.5,39.015291476829034,46.0,216.0,373.4733727810651,303.0,201.7619137064406,167.0,1545.0,247.15384615384616,182.0,201.8042427228734,47.0,1457.0,120.73372781065089,57.0,208.46132760218043,-89.0,1368.0,247.0532544378698,187.0,207.97499450068483,-16.0,1456.0,614.9880952380952,512.5,278.971871783966,280.0,1992.0,488.3452380952381,383.0,283.29415930398454,167.0,1904.0,free,13.0,0.0,0.0,Neutral,117_N_free
118,-681313230715.8462,60.0,789287746469.7787,-1581620000000.0,167.0,-691958749791.2031,149.0,790810000185.5972,-1581620000000.0,1275.0,262.96875,97.5,398.49450689289245,28.0,1996.0,691958750173.7188,903.0,790809999845.5834,-71.0,1581620000000.0,156.515625,92.5,488098528734.0876,-1581620000000.0,1581620000000.0,-702942221882.6666,287.0,792225954886.7272,-1581620000000.0,1788.0,532.6507936507936,290.0,654.3424712155376,58.0,2745.0,free,34.0,0.0,0.0,Happy,118_H_free
118,-273366419666.50616,92.0,601749952119.815,-1581620000000.0,436.0,-276783499560.6875,260.0,604755176861.0099,-1581620000000.0,6876.0,370.9125,180.5,821.9865284822673,25.0,6440.0,276783500273.475,167.5,604755176530.6528,-137.0,1581620000000.0,353.625,167.5,251653862359.6036,-1581620000000.0,1581620000000.0,-280287087853.7848,480.0,607801821866.5283,-1581620000000.0,7973.0,705.2151898734177,401.0,1205.2784407622619,59.0,7537.0,free,23.0,0.0,0.0,Neutral,118_N_free
120,-592188749911.1666,60.0,772602692412.3914,-1579170000000.0,1226.0,-604788509688.3617,149.0,775954564335.4626,-1579170000000.0,20493.0,919.8085106382979,93.0,3215.8939229091898,9.0,20375.0,604788511445.6171,780.0,775954562936.0618,-260.0,1579170000000.0,862.2127659574468,86.0,329279707246.5108,-1579170000000.0,1579170000000.0,-617936085125.1086,291.0,779218009095.04,-1579170000000.0,21459.0,1842.5652173913043,250.5,4624.020139576354,62.0,21341.0,free,20.0,0.0,0.0,Calm,120_C_free
120,151.54237288135593,149.0,39.572858181046044,70.0,259.0,899.5,443.0,1660.4187936106478,212.0,10781.0,747.6724137931035,282.0,1645.4967083286394,122.0,10538.0,595.6206896551724,114.5,1646.8063385709356,-32.0,10422.0,747.448275862069,284.0,1661.456992938108,53.0,10665.0,1661.9473684210527,780.0,2598.445080517609,402.0,13481.0,1509.0350877192982,631.0,2586.203270412,290.0,13301.0,free,3.0,0.0,0.0,Happy,120_H_free
120,-503694439587.71765,69.0,736797824817.4268,-1579170000000.0,977.0,-502456860971.9177,260.5,736318845535.8405,-1579170000000.0,49528.0,457.54112554112555,180.5,2754.809701557883,26.0,49387.0,505874935441.05414,288.0,737645424544.9813,-297.0,1579170000000.0,3418074025.4372296,174.0,164424337893.09732,-1579170000000.0,1579170000000.0,-501208520802.75867,487.5,735833263002.3385,-1579170000000.0,49736.0,910.908695652174,403.5,3903.4910603043922,63.0,49632.0,free,1.0,0.0,0.0,Neutral,120_N_free
120,-503694439587.71765,69.0,736797824817.4268,-1579170000000.0,977.0,-502456860971.9177,260.5,736318845535.8405,-1579170000000.0,49528.0,457.54112554112555,180.5,2754.809701557883,26.0,49387.0,505874935441.05414,288.0,737645424544.9813,-297.0,1579170000000.0,3418074025.4372296,174.0,164424337893.09732,-1579170000000.0,1579170000000.0,-501208520802.75867,487.5,735833263002.3385,-1579170000000.0,49736.0,910.908695652174,403.5,3903.4910603043922,63.0,49632.0,free,20.0,0.0,0.0,Neutral,120_N_free
121,-29794905561.343815,81.0,215079688918.2218,-1579130000000.0,2675.0,-29857499444.17647,312.0,215301620313.7696,-1579130000000.0,11579.0,460.80252100840335,231.5,853.0968100020867,37.0,11455.0,29857500358.35084,140.5,215301620186.72723,-2148.0,1579130000000.0,456.64495798319325,223.5,144910907130.80807,-1579130000000.0,1579130000000.0,-29920356882.298946,666.0,215524239818.6409,-1579130000000.0,12623.0,922.0736842105263,578.0,1242.8926672576742,168.0,12531.0,free,77.0,1.0,0.0,Happy,121_H_free
121,-23271241995.197895,81.0,190480755511.5584,-1579120000000.0,1519.0,-23369639902.393234,372.0,190877853658.1094,-1579120000000.0,17498.0,587.6194503171247,272.0,1227.0603561304495,68.0,17340.0,23369641067.44609,173.0,190877853515.1668,-947.0,1579120000000.0,579.247357293869,262.0,145369779061.56006,-1579120000000.0,1579120000000.0,-23468873464.40552,811.0,191277445048.3461,-1579120000000.0,17861.0,1177.0127388535032,713.0,1739.836844835138,166.0,17727.0,free,58.0,9.0,0.0,Neutral,121_N_free
121,-23271241995.197895,81.0,190480755511.5584,-1579120000000.0,1519.0,-23369639902.393234,372.0,190877853658.1094,-1579120000000.0,17498.0,587.6194503171247,272.0,1227.0603561304495,68.0,17340.0,23369641067.44609,173.0,190877853515.1668,-947.0,1579120000000.0,579.247357293869,262.0,145369779061.56006,-1579120000000.0,1579120000000.0,-23468873464.40552,811.0,191277445048.3461,-1579120000000.0,17861.0,1177.0127388535032,713.0,1739.836844835138,166.0,17727.0,free,2.0,0.0,0.0,Neutral,121_N_free
121,127.35205992509363,84.0,240.7335508506017,27.0,3159.0,676.7218045112782,358.5,938.7742618798476,73.0,7942.0,549.1578947368421,256.5,899.532254486723,11.0,7896.0,421.5601503759398,160.0,903.4961392982096,-776.0,7777.0,549.124060150376,255.0,944.029610396685,-714.0,7823.0,1229.5169811320754,780.0,1294.7685387123583,251.0,8236.0,1101.7584905660378,681.0,1272.6582692302507,186.0,8136.0,free,23.0,0.0,0.0,Sad,121_S_free
122,-375773226207.292,76.0,672952665611.6843,-1579170000000.0,853.0,-376873586848.08636,219.0,673630489223.0939,-1579170000000.0,5910.0,221.6090775988287,137.0,418.662114029832,3.0,5800.0,376873587249.80676,122.0,673630488998.0153,-710.0,1579170000000.0,197.24304538799413,134.0,319974029967.5361,-1579170000000.0,1579170000000.0,-377980410698.0837,371.0,674309798535.547,-1579170000000.0,6108.0,443.7004405286344,311.0,605.6182364885096,38.0,6025.0,free,15.0,0.0,0.0,Neutral,122_N_free
122,-375773226207.292,76.0,672952665611.6843,-1579170000000.0,853.0,-376873586848.08636,219.0,673630489223.0939,-1579170000000.0,5910.0,221.6090775988287,137.0,418.662114029832,3.0,5800.0,376873587249.80676,122.0,673630488998.0153,-710.0,1579170000000.0,197.24304538799413,134.0,319974029967.5361,-1579170000000.0,1579170000000.0,-377980410698.0837,371.0,674309798535.547,-1579170000000.0,6108.0,443.7004405286344,311.0,605.6182364885096,38.0,6025.0,free,74.0,32.0,0.0,Neutral,122_N_free
122,116.51351351351352,106.0,43.7906736937742,62.0,425.0,461.09589041095893,248.0,1334.2248286758493,158.0,11652.0,345.13698630136986,140.0,1336.328004843751,26.0,11556.0,228.86301369863014,36.0,1337.9666715981598,-131.0,11451.0,344.82191780821915,145.0,1335.5922151122675,-6.0,11547.0,809.7083333333334,464.5,1876.4678343767855,289.0,11800.0,698.0416666666666,351.5,1878.8825824949301,172.0,11703.0,free,0.0,0.0,0.0,Sad,122_S_free
123,-16657894605.557896,131.0,162361074231.0884,-1582500000000.0,288.0,550.3723404255319,317.0,925.9852873264248,101.0,6655.0,417.6914893617021,177.0,931.8582201748478,7.0,6529.0,16835106663.574469,41.5,163222412191.2017,-191.0,1582500000000.0,16835106795.5,174.5,163222412177.44815,-12.0,1582500000000.0,957.505376344086,545.0,1501.569104113195,280.0,9413.0,824.1612903225806,396.0,1509.1639802734621,128.0,9325.0,free,6.0,0.0,0.0,Neutral,123_N_free
126,77.1639344262295,69.0,43.02855440664196,26.0,367.0,426.66483516483515,256.5,574.0542958272392,84.0,4034.0,350.4230769230769,183.0,571.3742395964821,38.0,3996.0,273.1978021978022,113.5,574.5867161358535,-94.0,3881.0,349.43956043956047,176.0,576.9731881663041,-12.0,3919.0,776.5248618784531,477.0,812.0021248539575,250.0,4331.0,700.7182320441989,399.0,809.5279716182836,195.0,4293.0,free,23.0,0.0,0.0,Neutral,126_N_free
127,127.6829268292683,107.0,69.74961888453434,69.0,440.0,1035.3536585365853,328.0,2456.779334930593,222.0,17048.0,909.9756097560976,225.0,2453.010360059302,106.0,16959.0,782.2926829268292,101.0,2453.0599711220084,-127.0,16832.0,907.670731707317,212.5,2457.0030226287604,-36.0,16921.0,1963.530864197531,803.0,3361.0180008682623,388.0,17233.0,1837.851851851852,697.0,3360.932925212548,304.0,17144.0,free,25.0,0.0,0.0,Calm,127_C_free
127,-99781263031.8,117.0,386336954110.0786,-1579870000000.0,543.0,-99781262377.23158,444.0,386336954280.9359,-1579870000000.0,9386.0,688.1473684210526,305.0,1186.3595304536987,36.0,9280.0,99781263712.43158,207.0,386336953932.4182,-176.0,1579870000000.0,654.578947368421,303.0,230447724117.7787,-1579870000000.0,1579870000000.0,-100842764517.03192,889.0,388269175070.025,-1579870000000.0,9778.0,1385.9255319148936,798.0,1634.0653784538556,74.0,9672.0,free,9.0,8.0,0.0,Neutral,127_N_free
128,-69536263657.47986,75.0,324891129525.0222,-1581950000000.0,344.0,-63975918772.12868,289.0,312205285866.8955,-1581950000000.0,3375.0,268.9264705882353,201.5,260.8225318055562,13.0,3295.0,69791911952.16911,141.5,325462497174.0174,-147.0,1581950000000.0,5815992913.007353,206.5,95919807990.37175,-45.0,1581950000000.0,-58374538133.27306,513.0,298776530070.63995,-1581950000000.0,4083.0,536.040590405904,436.0,397.85590427759007,38.0,4003.0,free,8.0,0.0,0.0,Neutral,128_N_free
128,116.91943127962085,111.0,43.38891839715549,30.0,465.0,462.24285714285713,408.5,229.71470358779663,146.0,2065.0,346.1,286.5,228.93916891218285,57.0,1953.0,229.3190476190476,182.5,230.1358827211329,-179.0,1799.0,345.46190476190475,297.5,230.5636757810214,-53.0,1911.0,807.755980861244,705.0,326.9431007529028,412.0,2578.0,691.5645933014354,590.0,327.42799691445987,297.0,2466.0,free,12.0,0.0,0.0,Sad,128_S_free
130,89.88805970149254,86.0,38.44059188511036,18.0,261.0,336.96992481203006,273.0,204.38321625963,117.0,1485.0,248.3684210526316,186.0,200.134858838954,57.0,1364.0,159.13533834586465,102.0,204.72911822161825,-85.0,1257.0,247.73684210526315,179.0,207.85669942537993,9.0,1378.0,586.689393939394,488.5,280.07556593666715,287.0,1701.0,498.1287878787879,397.0,272.5294971164031,209.0,1580.0,free,7.0,0.0,0.0,Angry,130_A_free
130,-108904827487.44827,103.0,403636642519.15784,-1579120000000.0,166.0,-110815438268.52632,299.0,406959905013.4073,-1579120000000.0,1057.0,250.9298245614035,204.0,169.2095973773696,32.0,964.0,110815438737.9649,109.0,406959904883.2962,-24.0,1579120000000.0,230.10526315789474,205.0,298425629309.16547,-1579120000000.0,1579120000000.0,-112794285158.05357,506.0,410366068391.67584,-1579120000000.0,1494.0,502.9642857142857,409.0,266.46848452819563,65.0,1387.0,free,0.0,0.0,0.0,Happy,130_H_free
130,-47071887326.19371,79.0,268802925081.51535,-1579780000000.0,960.0,-47306854627.72379,271.0,269453434807.83527,-1579780000000.0,103246.0,527.4725457570715,177.0,4314.407939257522,29.0,103169.0,47306855675.19468,97.0,269453434623.6281,-848.0,1579780000000.0,522.6688851913477,177.0,128961555289.42213,-1579780000000.0,1579780000000.0,-47464806871.21035,483.0,269889737569.46634,-1579780000000.0,103423.0,1060.9048414023373,398.0,6126.625813787487,60.0,103361.0,free,10.0,0.0,0.0,Neutral,130_N_free
130,-47071887326.19371,79.0,268802925081.51535,-1579780000000.0,960.0,-47306854627.72379,271.0,269453434807.83527,-1579780000000.0,103246.0,527.4725457570715,177.0,4314.407939257522,29.0,103169.0,47306855675.19468,97.0,269453434623.6281,-848.0,1579780000000.0,522.6688851913477,177.0,128961555289.42213,-1579780000000.0,1579780000000.0,-47464806871.21035,483.0,269889737569.46634,-1579780000000.0,103423.0,1060.9048414023373,398.0,6126.625813787487,60.0,103361.0,free,37.0,0.0,0.0,Neutral,130_N_free
130,-47071887326.19371,79.0,268802925081.51535,-1579780000000.0,960.0,-47306854627.72379,271.0,269453434807.83527,-1579780000000.0,103246.0,527.4725457570715,177.0,4314.407939257522,29.0,103169.0,47306855675.19468,97.0,269453434623.6281,-848.0,1579780000000.0,522.6688851913477,177.0,128961555289.42213,-1579780000000.0,1579780000000.0,-47464806871.21035,483.0,269889737569.46634,-1579780000000.0,103423.0,1060.9048414023373,398.0,6126.625813787487,60.0,103361.0,free,3.0,0.0,0.0,Neutral,130_N_free
131,3.489795918367347,3.0,1.2436915644495596,1.0,7.0,1654.7291666666667,679.0,3259.4829621287795,5.0,16570.0,1651.2291666666667,675.5,3259.1403267993082,3.0,16566.0,1647.75,673.0,3259.1151422799253,0.0,16562.0,1651.25,676.5,3259.457757410031,2.0,16566.0,3340.404255319149,1552.0,5433.119952659015,346.0,31558.0,3336.872340425532,1550.0,5432.737606068622,343.0,31554.0,free,7.0,0.0,0.0,Calm,131_C_free
131,-140151724078.02957,70.0,450422825612.99365,-1580600000000.0,431.0,-142253999356.91,292.0,453473996381.197,-1580600000000.0,18099.0,598.385,214.0,1513.7873621031843,2.0,18096.0,142254000532.695,173.5,453473996010.50183,-152.0,1580600000000.0,582.99,203.0,158456638013.8531,-1580600000000.0,1580600000000.0,-144420303354.1066,601.0,456587058041.3312,-1580600000000.0,18620.0,1186.3705583756346,533.0,2200.7285921884386,73.0,18616.0,free,0.0,0.0,0.0,Neutral,131_N_free
131,-140151724078.02957,70.0,450422825612.99365,-1580600000000.0,431.0,-142253999356.91,292.0,453473996381.197,-1580600000000.0,18099.0,598.385,214.0,1513.7873621031843,2.0,18096.0,142254000532.695,173.5,453473996010.50183,-152.0,1580600000000.0,582.99,203.0,158456638013.8531,-1580600000000.0,1580600000000.0,-144420303354.1066,601.0,456587058041.3312,-1580600000000.0,18620.0,1186.3705583756346,533.0,2200.7285921884386,73.0,18616.0,free,15.0,0.0,0.0,Neutral,131_N_free
131,-140151724078.02957,70.0,450422825612.99365,-1580600000000.0,431.0,-142253999356.91,292.0,453473996381.197,-1580600000000.0,18099.0,598.385,214.0,1513.7873621031843,2.0,18096.0,142254000532.695,173.5,453473996010.50183,-152.0,1580600000000.0,582.99,203.0,158456638013.8531,-1580600000000.0,1580600000000.0,-144420303354.1066,601.0,456587058041.3312,-1580600000000.0,18620.0,1186.3705583756346,533.0,2200.7285921884386,73.0,18616.0,free,3.0,20.0,0.0,Neutral,131_N_free
133,80.19491525423729,71.0,35.913299794498265,27.0,287.0,320.8119658119658,257.0,212.8686227353393,144.0,1493.0,241.88888888888889,172.0,209.79788211751853,56.0,1384.0,161.57264957264957,111.0,212.76971995155716,-115.0,1294.0,240.4957264957265,186.0,214.06072389876306,-28.0,1403.0,560.6034482758621,456.5,313.38837911115814,251.0,1918.0,481.75,373.5,307.2052387177865,174.0,1847.0,free,4.0,0.0,0.0,Angry,133_A_free
133,-126391199913.392,83.0,430338222141.53894,-1579890000000.0,325.0,-127410483451.41936,336.0,431932494731.6464,-1579890000000.0,3659.0,343.43548387096774,251.5,396.562244408123,4.0,3352.0,127410484122.65323,181.0,431932494532.0376,-100.0,1579890000000.0,333.0403225806452,255.5,201460214640.3275,-1579890000000.0,1579890000000.0,-128446340711.59349,635.0,433544420177.78455,-1579890000000.0,4006.0,686.2926829268292,561.0,561.8153790987953,27.0,3699.0,free,6.0,0.0,0.0,Calm,133_C_free
133,72.13333333333334,61.0,38.156942209851806,33.0,426.0,361.75373134328356,276.0,280.5599780826942,138.0,2322.0,292.26119402985074,211.0,277.51610206225286,60.0,2259.0,220.0597014925373,146.5,277.61196376231766,-135.0,2167.0,289.55223880597015,213.0,279.5396475346963,-9.0,2230.0,638.812030075188,532.0,364.2860004957797,281.0,2899.0,569.7443609022556,449.0,360.35186201349933,204.0,2836.0,free,10.0,0.0,0.0,Happy,133_H_free
133,80.75510204081633,70.0,46.91796861102797,24.0,365.0,391.2260273972603,293.5,437.91365501538905,130.0,3966.0,312.4178082191781,216.0,426.76199870975995,71.0,3896.0,231.86986301369862,144.5,430.77864167108044,-158.0,3797.0,310.67808219178085,218.5,441.33762093688284,-104.0,3867.0,702.5862068965517,525.0,593.2090762469522,295.0,4153.0,623.8896551724138,455.0,587.2541934626466,204.0,4112.0,free,7.0,0.0,0.0,Neutral,133_N_free
133,110.21686746987952,102.0,52.34758321180041,57.0,424.0,483.0,437.5,203.35397587992432,254.0,1311.0,376.609756097561,326.5,195.6530537316187,119.0,1192.0,266.0853658536585,220.5,206.03416959926113,-145.0,1074.0,372.4756097560976,324.5,213.27980958250487,-33.0,1193.0,855.4567901234568,793.0,278.96496417035576,505.0,1638.0,749.3827160493827,675.0,274.3654300336157,396.0,1553.0,free,6.0,0.0,0.0,Sad,133_S_free
135,101.85555555555555,77.0,83.83029420928915,31.0,596.0,575.2134831460675,311.0,1514.9610891486032,36.0,14153.0,476.4269662921348,233.0,1481.3249742256276,5.0,13817.0,374.6629213483146,145.0,1488.1228409080613,-262.0,13740.0,473.44943820224717,240.0,1522.170594393802,-187.0,14076.0,1057.2613636363637,567.5,2098.1245511297207,267.0,14439.0,958.2045454545455,480.5,2076.027833839338,236.0,14103.0,free,4.0,0.0,0.0,Neutral,135_N_free
136,117.52173913043478,112.0,31.20710328105619,53.0,206.0,508.780701754386,394.5,340.82707209904765,235.0,2302.0,390.9122807017544,271.0,342.8223968428161,84.0,2202.0,273.2631578947368,153.0,339.3056432121387,-52.0,2054.0,391.13157894736844,276.0,337.2077827222532,94.0,2154.0,896.8761061946902,753.0,474.60363411300835,418.0,2789.0,778.7522123893805,634.0,476.78811052585155,307.0,2678.0,free,5.0,0.0,0.0,Calm,136_C_free
136,102.4494382022472,103.0,29.283493347538677,33.0,198.0,464.82954545454544,387.0,286.5511617712179,191.0,1681.0,362.0113636363636,275.0,282.158897693382,100.0,1564.0,259.2613636363636,167.5,283.0429273448786,-19.0,1488.0,362.07954545454544,281.0,286.7208270779274,69.0,1614.0,829.6206896551724,680.0,399.5075818292485,365.0,1949.0,726.5402298850574,602.0,398.20240863969946,299.0,1868.0,free,1.0,0.0,0.0,Neutral,136_N_free
138,84.5223880597015,80.0,14.528298622943813,63.0,118.0,555.8333333333334,315.0,784.5646236722305,200.0,5194.0,471.530303030303,235.5,784.5066106442458,109.0,5114.0,386.8787878787879,157.5,780.6333821899224,27.0,5022.0,471.1818181818182,236.5,780.7719633422159,109.0,5102.0,1033.123076923077,688.0,1087.0426985014824,350.0,5751.0,948.6307692307693,592.0,1088.4839452368885,278.0,5679.0,free,2.0,0.0,0.0,Angry,138_A_free
138,77.0,78.0,11.547456429880995,50.0,101.0,401.15625,336.5,189.69174817423348,173.0,1089.0,324.03125,263.0,189.91919490993556,99.0,1021.0,247.0625,187.0,192.41034811956467,24.0,961.0,324.1875,269.5,192.21357788618764,95.0,1029.0,723.5555555555555,713.0,250.53837371250927,304.0,1348.0,646.8095238095239,631.0,253.05105038585097,209.0,1279.0,free,0.0,0.0,0.0,Happy,138_H_free
138,74.5,74.0,12.342385618616067,49.0,116.0,763.7793103448275,313.0,2194.236672731056,152.0,22949.0,689.3310344827586,242.0,2192.9182043036353,83.0,22863.0,615.048275862069,170.0,2191.1947632989663,7.0,22780.0,689.4965517241379,241.0,2192.5159670143853,79.0,22866.0,1452.0277777777778,724.5,3628.6902392419565,247.0,34972.0,1377.5902777777778,656.0,3627.7717050884676,170.0,34892.0,free,5.0,1.0,0.0,Neutral,138_N_free
138,83.78481012658227,78.0,38.20413150099786,42.0,388.0,557.6794871794872,303.0,854.4053980687881,154.0,6927.0,473.96153846153845,221.5,854.0599364944331,82.0,6852.0,389.8076923076923,125.0,853.9398235693908,5.0,6760.0,473.52564102564105,210.5,854.2862095957232,77.0,6835.0,1034.909090909091,604.0,1209.5588058398355,312.0,7585.0,951.0909090909091,535.0,1211.4947290305888,220.0,7508.0,free,9.0,0.0,0.0,Sad,138_S_free
139,89.5,83.5,37.26499698108132,43.0,246.0,619.8666666666667,457.0,717.9324355271755,122.0,5800.0,530.0933333333334,365.0,713.8578511942778,28.0,5680.0,440.2266666666667,305.0,711.1518554018131,-112.0,5582.0,530.0,371.0,715.1156965550815,-18.0,5702.0,1141.472972972973,894.0,1015.4661554961659,352.0,6477.0,1051.5,825.5,1002.8296711381593,293.0,6276.0,free,2.0,1.0,0.0,Happy,139_H_free
139,-397861699141.46484,78.0,686216561612.3906,-1579110000000.0,1901.0,-398640292481.7495,344.0,686662582714.7399,-1579110000000.0,73222.0,1037.3542074363993,278.0,4621.299913653965,8.0,73156.0,398640294489.0039,423.0,686662581547.1484,-1738.0,1579110000000.0,982.6927592954991,261.0,221119628348.94708,-1579110000000.0,1579110000000.0,-399421939130.74115,747.5,687109175924.8575,-1579110000000.0,73829.0,2077.9254901960785,671.0,6654.242926855344,40.0,73751.0,free,112.0,9.0,0.0,Neutral,139_N_free
141,-611272257983.0646,87.0,771660646387.2284,-1579120000000.0,480.0,-615241558041.4155,299.0,772589160004.1305,-1579120000000.0,7610.0,369.64285714285717,202.0,772.1326774689132,29.0,7442.0,615241558709.8247,479.0,772589159468.3721,-133.0,1579120000000.0,321.27272727272725,186.5,312712357613.06525,-1579120000000.0,1579120000000.0,-619262744382.4445,512.0,773507848075.5889,-1579120000000.0,8452.0,740.5555555555555,436.0,1141.2286539704805,59.0,8303.0,free,68.0,0.0,0.0,Neutral,141_N_free
142,-631987999898.5111,110.0,782770374077.8148,-1579970000000.0,305.0,-646351363194.4773,254.5,785798510911.0675,-1579970000000.0,3779.0,391.15909090909093,148.5,683.89370665949,81.0,3570.0,646351363881.6818,669.5,785798510332.6683,-185.0,1579970000000.0,339.5681818181818,94.0,340745093356.4732,-1579970000000.0,1579970000000.0,-661382790045.721,493.0,788671641380.4912,-1579970000000.0,3821.0,715.5348837209302,425.0,881.7243211548932,165.0,3708.0,free,23.0,0.0,0.0,Calm,142_C_free
142,158.55,146.0,84.1090697339519,72.0,948.0,358.7985611510791,320.0,143.99870067127742,164.0,1044.0,201.69064748201438,161.0,128.771500184329,54.0,850.0,43.12230215827338,25.0,152.18902531570964,-737.0,666.0,200.23021582733813,174.0,163.98821610840469,-628.0,904.0,560.3550724637681,496.5,198.63937910265093,349.0,1359.0,403.0,343.0,190.10557957845774,200.0,1237.0,free,19.0,0.0,0.0,Neutral,142_N_free
144,144.45238095238096,127.5,55.24499861744571,75.0,391.0,587.439024390244,346.0,730.1231762100313,218.0,4572.0,442.5609756097561,237.0,710.8044051910654,70.0,4331.0,297.3170731707317,114.0,715.782908395569,-230.0,4219.0,442.1951219512195,221.0,734.8012050722357,-54.0,4460.0,1036.425,643.5,1155.5578492436966,331.0,5917.0,890.175,500.0,1144.2956603663815,214.0,5805.0,free,7.0,0.0,0.0,Angry,144_A_free
144,118.71052631578948,111.0,46.530433191258716,74.0,431.0,464.3973509933775,342.0,383.93746156494797,175.0,2742.0,346.7880794701987,229.0,380.97808527125756,47.0,2641.0,228.0728476821192,113.0,380.4593381574041,-170.0,2477.0,345.682119205298,228.0,383.3072461418026,-74.0,2578.0,813.42,630.0,577.4590751645807,312.0,4571.0,695.6666666666666,519.0,576.8855244131237,201.0,4470.0,free,3.0,0.0,0.0,Calm,144_C_free
144,118.7280701754386,106.0,59.9522354255953,75.0,503.0,421.7079646017699,288.0,432.40462782923777,154.0,3659.0,306.3805309734513,189.0,429.2999350808591,48.0,3558.0,187.49557522123894,69.0,435.9940228107204,-314.0,3462.0,302.82300884955754,181.0,438.95281698298106,-159.0,3563.0,729.2410714285714,531.5,631.4293273320919,276.0,3936.0,614.2678571428571,424.5,630.5323073952995,132.0,3835.0,free,0.0,0.0,0.0,Happy,144_H_free
144,117.38888888888889,111.0,34.83481969271091,43.0,340.0,439.4144736842105,318.0,414.70120372465664,170.0,4146.0,322.7203947368421,200.5,409.0640578333238,32.0,4039.0,205.24013157894737,92.0,412.04837050796164,-165.0,3949.0,321.9342105263158,201.5,417.54463283574336,-74.0,4056.0,751.7814569536424,567.5,551.6811503170522,272.0,5679.0,635.0728476821192,447.0,546.4667373297397,171.0,5572.0,free,6.0,0.0,0.0,Neutral,144_N_free
144,117.38888888888889,111.0,34.83481969271091,43.0,340.0,439.4144736842105,318.0,414.70120372465664,170.0,4146.0,322.7203947368421,200.5,409.0640578333238,32.0,4039.0,205.24013157894737,92.0,412.04837050796164,-165.0,3949.0,321.9342105263158,201.5,417.54463283574336,-74.0,4056.0,751.7814569536424,567.5,551.6811503170522,272.0,5679.0,635.0728476821192,447.0,546.4667373297397,171.0,5572.0,free,18.0,0.0,0.0,Neutral,144_N_free
144,-47143283467.791046,106.0,269766543604.12296,-1579300000000.0,377.0,-47497743779.69925,299.0,270755133931.94135,-1579300000000.0,8429.0,474.0827067669173,197.0,939.4034780768703,11.0,8319.0,47497744715.74436,97.0,270755133766.48978,-202.0,1579300000000.0,465.9624060150376,190.0,194398391703.66022,-1579300000000.0,1579300000000.0,-47857574703.71212,653.5,271754661690.79922,-1579300000000.0,9262.0,953.2954545454545,561.0,1333.9081347829958,48.0,9152.0,free,15.0,0.0,0.0,Sad,144_S_free
147,87.0,79.0,32.653778200527285,50.0,215.0,282.36538461538464,233.5,153.20408391195107,130.0,1050.0,197.82692307692307,154.5,144.81140150565906,80.0,955.0,110.34615384615384,77.5,151.6552960118652,-63.0,880.0,194.8846153846154,142.0,159.46130563232825,22.0,975.0,482.03921568627453,403.0,218.22740073458363,286.0,1324.0,397.3137254901961,316.0,211.5271604495346,236.0,1268.0,free,1.0,0.0,0.0,Angry,147_A_free
147,82.87562189054727,79.0,31.655164708722,18.0,172.0,320.6884422110553,276.0,180.83667338651316,84.0,1437.0,238.10050251256283,190.0,179.8089051562341,19.0,1370.0,155.15075376884423,119.0,184.67521965461273,-115.0,1327.0,237.73869346733667,198.0,184.09895796428847,-50.0,1394.0,555.1421319796955,486.0,247.10802830870384,236.0,1650.0,472.8274111675127,401.0,247.80223899908094,171.0,1559.0,free,2.0,0.0,0.0,Happy,147_H_free
147,82.87562189054727,79.0,31.655164708722,18.0,172.0,320.6884422110553,276.0,180.83667338651316,84.0,1437.0,238.10050251256283,190.0,179.8089051562341,19.0,1370.0,155.15075376884423,119.0,184.67521965461273,-115.0,1327.0,237.73869346733667,198.0,184.09895796428847,-50.0,1394.0,555.1421319796955,486.0,247.10802830870384,236.0,1650.0,472.8274111675127,401.0,247.80223899908094,171.0,1559.0,free,5.0,0.0,0.0,Happy,147_H_free
147,-30756504768.472492,80.0,218920560598.5547,-1583960000000.0,747.0,-31058038897.058823,259.5,219973228958.94046,-1583960000000.0,2197.0,236.34967320261438,181.0,219.15774381030667,5.0,2088.0,31058039364.261436,109.5,219973228892.75983,-742.0,1583960000000.0,230.50653594771242,182.5,128265331595.01959,-1583960000000.0,1583960000000.0,-31365544001.541256,458.0,221041222762.28766,-1583960000000.0,2337.0,474.1419141914191,385.0,315.3122435293349,28.0,2247.0,free,9.0,0.0,0.0,Neutral,147_N_free
147,-30756504768.472492,80.0,218920560598.5547,-1583960000000.0,747.0,-31058038897.058823,259.5,219973228958.94046,-1583960000000.0,2197.0,236.34967320261438,181.0,219.15774381030667,5.0,2088.0,31058039364.261436,109.5,219973228892.75983,-742.0,1583960000000.0,230.50653594771242,182.5,128265331595.01959,-1583960000000.0,1583960000000.0,-31365544001.541256,458.0,221041222762.28766,-1583960000000.0,2337.0,474.1419141914191,385.0,315.3122435293349,28.0,2247.0,free,4.0,0.0,0.0,Neutral,147_N_free
147,-30756504768.472492,80.0,218920560598.5547,-1583960000000.0,747.0,-31058038897.058823,259.5,219973228958.94046,-1583960000000.0,2197.0,236.34967320261438,181.0,219.15774381030667,5.0,2088.0,31058039364.261436,109.5,219973228892.75983,-742.0,1583960000000.0,230.50653594771242,182.5,128265331595.01959,-1583960000000.0,1583960000000.0,-31365544001.541256,458.0,221041222762.28766,-1583960000000.0,2337.0,474.1419141914191,385.0,315.3122435293349,28.0,2247.0,free,3.0,0.0,0.0,Neutral,147_N_free
148,101.29230769230769,100.0,21.569454006855302,50.0,151.0,310.953125,261.0,231.33233358419207,120.0,1842.0,209.5625,159.0,226.70166921616797,21.0,1717.0,108.578125,69.5,223.9330118575713,-122.0,1587.0,209.96875,166.5,228.29422457913924,-4.0,1712.0,522.4285714285714,436.0,308.58980573370366,292.0,2035.0,421.1904761904762,334.0,306.56682990525354,175.0,1910.0,free,2.0,0.0,0.0,Calm,148_C_free
148,99.94505494505495,95.0,34.62956148676088,32.0,379.0,406.13235294117646,286.5,545.335278011509,109.0,4837.0,306.29411764705884,181.0,541.3786299113402,3.0,4766.0,206.1691176470588,87.5,539.5407033354167,-144.0,4655.0,306.00735294117646,189.0,543.0067717711053,-20.0,4726.0,713.0184501845018,476.0,787.9617891368916,252.0,5461.0,613.1439114391144,372.0,786.1117190122199,139.0,5333.0,free,40.0,0.0,0.0,Happy,148_H_free
148,90.57081545064378,88.0,29.72540141727915,19.0,307.0,306.9051724137931,242.0,243.19217201061977,114.0,2369.0,216.375,151.0,239.1584666829656,27.0,2225.0,125.55603448275862,68.0,239.16254748449128,-185.0,2133.0,216.08620689655172,151.0,242.60116625756928,-51.0,2277.0,522.952380952381,407.0,341.5365565524395,186.0,2591.0,432.57575757575756,327.0,339.70996852329415,128.0,2479.0,free,20.0,0.0,0.0,Neutral,148_N_free
150,100.37704918032787,97.5,38.34970187884006,16.0,236.0,401.10743801652893,290.0,319.42565127775026,135.0,2662.0,300.26446280991735,182.0,316.48661816352376,85.0,2528.0,199.84297520661158,94.0,318.62681955187156,-115.0,2418.0,300.68595041322317,193.0,320.29148269084135,27.0,2552.0,697.4,528.5,454.00350570593315,272.0,2983.0,596.6333333333333,432.0,445.7298788840301,222.0,2757.0,free,3.0,0.0,0.0,Angry,150_A_free
150,108.45,100.5,48.85752839438442,55.0,385.0,404.989898989899,328.0,217.05103768043352,208.0,1389.0,299.3333333333333,220.0,211.9427627777782,106.0,1298.0,190.6969696969697,121.0,215.3485762117731,-150.0,1215.0,296.35353535353534,222.0,219.43639835051795,-54.0,1306.0,699.8673469387755,597.5,317.0293699281068,345.0,1940.0,594.3571428571429,489.0,311.180765909728,276.0,1828.0,free,7.0,0.0,0.0,Neutral,150_N_free
150,115.81176470588235,109.0,38.46070787726312,50.0,325.0,442.20238095238096,397.0,162.12673755555358,228.0,1022.0,328.8809523809524,273.0,161.99556774852323,116.0,925.0,212.83333333333334,170.5,166.1590784682851,-125.0,834.0,326.1547619047619,286.5,165.68590505434543,-39.0,931.0,773.8072289156627,738.0,243.31563651252614,433.0,1639.0,660.156626506024,614.0,243.91684318324712,292.0,1552.0,free,3.0,0.0,0.0,Sad,150_S_free
155,79.15492957746478,73.0,42.846798795432555,31.0,465.0,350.4468085106383,280.0,271.3841353804054,169.0,2950.0,274.02836879432624,200.0,267.4935231061656,79.0,2833.0,194.95744680851064,117.0,269.19639331962054,-62.0,2765.0,271.3758865248227,198.0,272.5218874304829,10.0,2882.0,622.1,514.5,381.94875734502665,294.0,3290.0,545.65,435.0,375.8974665991824,245.0,3185.0,free,8.0,0.0,0.0,Angry,155_A_free
155,92.63076923076923,80.0,56.60984047373334,10.0,316.0,424.484375,330.0,268.21070798715004,123.0,1565.0,334.953125,249.0,261.26823956606813,93.0,1433.0,241.546875,163.0,266.63368425122314,-110.0,1364.0,331.078125,247.5,272.16989935895464,-40.0,1496.0,763.0,605.0,382.23143639389724,318.0,1956.0,672.936507936508,560.0,375.72441311873155,225.0,1892.0,free,1.0,0.0,0.0,Neutral,155_N_free
155,109.05511811023622,101.0,50.540775159823,11.0,454.0,459.1190476190476,405.5,216.65591548417436,201.0,1513.0,351.62698412698415,284.0,218.580355352515,89.0,1374.0,242.34920634920636,185.0,222.9687087448933,-113.0,1264.0,349.8412698412698,299.5,220.7396081431119,-26.0,1345.0,803.856,723.0,302.44612167480176,400.0,2112.0,696.472,621.0,306.50734285789383,297.0,2027.0,free,3.0,0.0,0.0,Sad,155_S_free
161,88.76923076923077,75.5,54.965343144342825,30.0,401.0,345.9514563106796,284.0,206.6417938214356,166.0,1764.0,258.59223300970876,212.0,177.51876105729707,100.0,1429.0,170.06796116504853,130.0,186.25853117115923,-108.0,1352.0,257.4271844660194,207.0,213.02524944432898,-35.0,1687.0,603.6078431372549,510.0,272.25545505859617,306.0,2018.0,516.1862745098039,432.0,251.41952358448347,250.0,1683.0,free,6.0,0.0,0.0,Neutral,161_N_free
164,-1227807999965.96,-1579900000000.0,659382942664.7106,-1579900000000.0,618.0,-1234864366875.5632,-1579900000000.0,654625889557.4935,-1579900000000.0,81316.0,940.2528735632184,30.0,6548.993487010871,25.0,80698.0,1234864368694.2932,1579900000000.0,654625886106.8707,-189.0,1579900000000.0,906.7298850574713,0.0,169871900393.65735,-1579900000000.0,1579900000000.0,-1242002310292.4683,-1579900000000.0,649699664748.911,-1579900000000.0,107697.0,1887.7167630057804,61.0,10524.925664854161,56.0,107079.0,free,3.0,0.0,0.0,Happy,164_H_free
164,97.32786885245902,79.0,54.677149801196784,50.0,367.0,1448.9,481.5,4404.148628551593,220.0,27322.0,1351.4166666666667,395.0,4383.023000174251,147.0,27225.0,1253.5833333333333,317.5,4385.937096365706,-152.0,27104.0,1351.0666666666666,405.5,4407.066509121369,-82.0,27201.0,2827.0169491525426,1115.0,6100.562601222277,418.0,27731.0,2729.576271186441,1005.0,6068.237670098835,344.0,27440.0,free,3.0,0.0,0.0,Neutral,164_N_free
167,103.12565445026178,103.0,28.66163622364936,22.0,192.0,356.0052631578947,274.5,286.0210614468806,24.0,2828.0,252.85263157894738,172.0,285.4616225624753,2.0,2701.0,149.81052631578947,81.0,280.18857197867015,-134.0,2598.0,252.96315789473684,180.0,280.504012949869,-112.0,2725.0,606.1428571428571,499.0,386.4428141811138,179.0,2927.0,502.994708994709,386.0,385.7098526060597,93.0,2820.0,free,19.0,0.0,0.0,Happy,167_H_free
167,95.90076335877863,91.0,26.7382914596657,44.0,229.0,391.53076923076924,254.0,600.9958039872297,120.0,6012.0,295.67692307692306,163.5,594.3824260992036,36.0,5877.0,199.86923076923077,76.0,587.7939230250173,-40.0,5725.0,295.7230769230769,170.0,594.2383962319758,53.0,5860.0,689.1317829457364,425.0,853.5000583978173,224.0,6336.0,593.1860465116279,344.0,844.9029138701552,132.0,6224.0,free,9.0,0.0,0.0,Neutral,167_N_free
168,76.3409090909091,70.0,34.4085868013489,16.0,184.0,357.3488372093023,253.0,214.49807233243385,144.0,1274.0,280.69767441860466,191.0,211.74147926677463,73.0,1213.0,204.62790697674419,121.0,218.87504842193732,-60.0,1154.0,281.27906976744185,183.0,219.6467212833887,66.0,1215.0,636.8333333333334,515.0,324.43691683920633,324.0,1800.0,559.7619047619048,427.0,323.2587734477094,230.0,1763.0,free,3.0,0.0,0.0,Neutral,168_N_free
170,76.27941176470588,73.5,18.759949072453626,42.0,125.0,2427.2537313432836,471.0,8425.941953175401,170.0,57245.0,2351.6417910447763,395.0,8424.653341850231,104.0,57156.0,2275.194029850746,300.0,8427.943820264796,23.0,57089.0,2350.805970149254,366.0,8429.228323426096,111.0,57178.0,4835.030303030303,1282.5,11675.463202103929,390.0,57473.0,4759.348484848485,1226.0,11674.263838418148,298.0,57384.0,free,16.0,0.0,0.0,Calm,170_C_free
170,74.47727272727273,69.5,19.085473151385642,44.0,124.0,2228.6976744186045,390.0,10481.041979586362,204.0,69241.0,2154.6744186046512,340.0,10483.207966668659,105.0,69180.0,2080.6976744186045,267.0,10477.786274588103,9.0,69070.0,2154.720930232558,321.0,10475.625787252591,100.0,69131.0,4479.023809523809,892.5,14715.58430834483,350.0,69428.0,4405.714285714285,812.5,14714.30128502948,259.0,69331.0,free,2.0,0.0,0.0,Neutral,170_N_free
171,-205101298583.55844,108.0,534372841917.3294,-1579280000000.0,683.0,-207799998941.07895,356.0,537395067307.0562,-1579280000000.0,51767.0,1158.7105263157894,251.0,6137.2168063724985,29.0,51660.0,207800001030.8421,150.0,537395066488.212,-221.0,1579280000000.0,943.25,232.5,257895344065.50793,-1579280000000.0,1579280000000.0,-210570664651.76,594.0,540467175580.39294,-1579280000000.0,52403.0,2340.7466666666664,519.0,8675.408146942484,58.0,52268.0,free,13.0,0.0,0.0,Happy,171_H_free
171,131.88652482269504,119.0,64.89553057454084,66.0,524.0,461.0,374.5,287.2174620450454,198.0,2234.0,329.04285714285714,246.5,262.79953438382177,65.0,2106.0,196.90714285714284,122.0,273.19355397634126,-219.0,1946.0,328.8642857142857,241.5,298.3953779685794,-99.0,2074.0,789.8201438848921,651.0,368.85390949236967,358.0,2666.0,657.4460431654676,525.0,354.73278721938425,274.0,2538.0,free,7.0,0.0,0.0,Neutral,171_N_free
174,89.21374045801527,82.0,39.653694683537324,19.0,311.0,308.4384615384615,260.5,160.20543999929197,140.0,1137.0,220.93076923076924,172.5,155.07018608296954,56.0,1034.0,131.86153846153846,89.0,163.5222173391318,-109.0,978.0,219.36923076923077,175.0,167.23108175464887,-9.0,1081.0,528.8682170542636,479.0,209.27779011418662,266.0,1358.0,441.30232558139534,387.0,205.48420729504838,182.0,1216.0,free,5.0,0.0,0.0,Angry,174_A_free
174,-175995555461.4074,96.5,502464795919.2435,-1583960000000.0,285.0,-149430188331.98114,331.0,467423157098.877,-1583960000000.0,1511.0,261.52830188679246,222.0,223.49699737903765,22.0,1438.0,179316226571.39624,153.0,506674628311.4116,-141.0,1583960000000.0,29886037985.0,228.0,217573638837.28378,-67.0,1583960000000.0,-121843076314.53847,576.5,426194719688.74347,-1583960000000.0,1733.0,522.5384615384615,473.5,317.934600596428,46.0,1674.0,free,2.0,0.0,0.0,Neutral,174_N_free
181,-7358232467.344186,81.0,107892868499.12894,-1582020000000.0,389.0,-7427323480.431925,348.0,108398224304.02487,-1582020000000.0,2676.0,375.14084507042253,265.0,321.3091864180683,14.0,2544.0,7427324226.01878,175.0,108398224252.69714,-179.0,1582020000000.0,370.0610328638498,272.0,153659365996.6439,-1582020000000.0,1582020000000.0,-7497724279.180095,655.0,108910748342.80034,-1582020000000.0,3481.0,753.2227488151659,565.0,521.0671126265593,251.0,3434.0,free,5.0,3.0,0.0,Neutral,181_N_free
181,-7358232467.344186,81.0,107892868499.12894,-1582020000000.0,389.0,-7427323480.431925,348.0,108398224304.02487,-1582020000000.0,2676.0,375.14084507042253,265.0,321.3091864180683,14.0,2544.0,7427324226.01878,175.0,108398224252.69714,-179.0,1582020000000.0,370.0610328638498,272.0,153659365996.6439,-1582020000000.0,1582020000000.0,-7497724279.180095,655.0,108910748342.80034,-1582020000000.0,3481.0,753.2227488151659,565.0,521.0671126265593,251.0,3434.0,free,7.0,0.0,0.0,Neutral,181_N_free
193,-286879808955.6563,121.0,610181614501.617,-1581620000000.0,1349.0,-287566123970.94495,271.0,610750870724.6812,-1581620000000.0,10959.0,332.0956937799043,143.0,772.8761696122825,24.0,10838.0,287566124609.22485,70.0,610750870423.4327,-494.0,1581620000000.0,318.1267942583732,151.0,189717728080.96094,-1581620000000.0,1581620000000.0,-288255730665.66425,473.0,611321551917.4316,-1581620000000.0,11134.0,665.0935251798561,365.0,1091.54541044289,79.0,11013.0,free,141.0,0.0,0.0,Neutral,193_N_free
